x-axis,1,2
second,Volt,Volt
-2.500000E-06,-60.891956091E-03,-45.841747895E-03
-2.497500E-06,-80.992458388E-03,-45.841747895E-03
-2.495000E-06,-40.791453794E-03,-25.741245598E-03
-2.492500E-06,-20.690951496E-03,-5.640743300E-03
-2.490000E-06,-40.791453794E-03,-25.741245598E-03
-2.487500E-06,-80.992458388E-03,-45.841747895E-03
-2.485000E-06,-60.891956091E-03,-25.741245598E-03
-2.482500E-06,-20.690951496E-03,-25.741245598E-03
-2.480000E-06,-40.791453794E-03,-25.741245598E-03
-2.477500E-06,-70.942207240E-03,-45.841747895E-03
-2.475000E-06,-62.148237485E-03,-45.841747895E-03
-2.472500E-06,-31.997484039E-03,-25.741245598E-03
-2.470000E-06,-40.791453794E-03,-25.741245598E-03
-2.467500E-06,-70.942207240E-03,-45.841747895E-03
-2.465000E-06,-80.992458388E-03,-45.841747895E-03
-2.462500E-06,-31.997484039E-03,-15.690994449E-03
-2.460000E-06,-20.690951496E-03,-5.640743300E-03
-2.457500E-06,-70.942207240E-03,-34.535215353E-03
-2.455000E-06,-80.992458388E-03,-45.841747895E-03
-2.452500E-06,-52.097986336E-03,-25.741245598E-03
-2.450000E-06,-20.690951496E-03,-25.741245598E-03
-2.447500E-06,-50.841704942E-03,-34.535215353E-03
-2.445000E-06,-60.891956091E-03,-45.841747895E-03
-2.442500E-06,-52.097986336E-03,-25.741245598E-03
-2.440000E-06,-21.947232890E-03,-5.640743300E-03
-2.437500E-06,-30.741202645E-03,-14.434713055E-03
-2.435000E-06,-60.891956091E-03,-44.585466501E-03
-2.432500E-06,-52.097986336E-03,-35.791496746E-03
-2.430000E-06,-21.947232890E-03,-25.741245598E-03
-2.427500E-06,-30.741202645E-03,-25.741245598E-03
-2.425000E-06,-60.891956091E-03,-44.585466501E-03
-2.422500E-06,-72.198488633E-03,-35.791496746E-03
-2.420000E-06,-42.047735187E-03,-25.741245598E-03
-2.417500E-06,-30.741202645E-03,-25.741245598E-03
-2.415000E-06,-60.891956091E-03,-45.841747895E-03
-2.412500E-06,-60.891956091E-03,-45.841747895E-03
-2.410000E-06,-40.791453794E-03,-25.741245598E-03
-2.407500E-06,-20.690951496E-03,-5.640743300E-03
-2.405000E-06,-60.891956091E-03,-24.484964204E-03
-2.402500E-06,-80.992458388E-03,-35.791496746E-03
-2.400000E-06,-62.148237485E-03,-25.741245598E-03
-2.397500E-06,-20.690951496E-03,-5.640743300E-03
-2.395000E-06,-20.690951496E-03,-24.484964204E-03
-2.392500E-06,-70.942207240E-03,-25.741245598E-03
-2.390000E-06,-62.148237485E-03,-25.741245598E-03
-2.387500E-06,-20.690951496E-03,-5.640743300E-03
-2.385000E-06,-20.690951496E-03,-5.640743300E-03
-2.382500E-06,-60.891956091E-03,-45.841747895E-03
-2.380000E-06,-60.891956091E-03,-45.841747895E-03
-2.377500E-06,-31.997484039E-03,-15.690994449E-03
-2.375000E-06,-20.690951496E-03,-5.640743300E-03
-2.372500E-06,-50.841704942E-03,-34.535215353E-03
-2.370000E-06,-60.891956091E-03,-45.841747895E-03
-2.367500E-06,-52.097986336E-03,-25.741245598E-03
-2.365000E-06,-40.791453794E-03,-5.640743300E-03
-2.362500E-06,-50.841704942E-03,-34.535215353E-03
-2.360000E-06,-60.891956091E-03,-45.841747895E-03
-2.357500E-06,-52.097986336E-03,-25.741245598E-03
-2.355000E-06,-20.690951496E-03,-25.741245598E-03
-2.352500E-06,-40.791453794E-03,-34.535215353E-03
-2.350000E-06,-60.891956091E-03,-45.841747895E-03
-2.347500E-06,-60.891956091E-03,-35.791496746E-03
-2.345000E-06,-40.791453794E-03,-25.741245598E-03
-2.342500E-06,-40.791453794E-03,-25.741245598E-03
-2.340000E-06,-80.992458388E-03,-44.585466501E-03
-2.337500E-06,-72.198488633E-03,-45.841747895E-03
-2.335000E-06,-42.047735187E-03,-25.741245598E-03
-2.332500E-06,-30.741202645E-03,-14.434713055E-03
-2.330000E-06,-60.891956091E-03,-25.741245598E-03
-2.327500E-06,-80.992458388E-03,-45.841747895E-03
-2.325000E-06,-42.047735187E-03,-25.741245598E-03
-2.322500E-06,-20.690951496E-03,-25.741245598E-03
-2.320000E-06,-60.891956091E-03,-44.585466501E-03
-2.317500E-06,-80.992458388E-03,-45.841747895E-03
-2.315000E-06,-60.891956091E-03,-25.741245598E-03
-2.312500E-06,-20.690951496E-03,-25.741245598E-03
-2.310000E-06,-40.791453794E-03,-25.741245598E-03
-2.307500E-06,-60.891956091E-03,-45.841747895E-03
-2.305000E-06,-60.891956091E-03,-45.841747895E-03
-2.302500E-06,-31.997484039E-03,-15.690994449E-03
-2.300000E-06,-40.791453794E-03,-24.484964204E-03
-2.297500E-06,-80.992458388E-03,-34.535215353E-03
-2.295000E-06,-80.992458388E-03,-45.841747895E-03
-2.292500E-06,-31.997484039E-03,-25.741245598E-03
-2.290000E-06,-20.690951496E-03,-25.741245598E-03
-2.287500E-06,-60.891956091E-03,-45.841747895E-03
-2.285000E-06,-62.148237485E-03,-45.841747895E-03
-2.282500E-06,-31.997484039E-03,-15.690994449E-03
-2.280000E-06,-20.690951496E-03,-5.640743300E-03
-2.277500E-06,-40.791453794E-03,-25.741245598E-03
-2.275000E-06,-60.891956091E-03,-45.841747895E-03
-2.272500E-06,-40.791453794E-03,-25.741245598E-03
-2.270000E-06,-20.690951496E-03,-5.640743300E-03
-2.267500E-06,-50.841704942E-03,-34.535215353E-03
-2.265000E-06,-80.992458388E-03,-45.841747895E-03
-2.262500E-06,-52.097986336E-03,-35.791496746E-03
-2.260000E-06,-20.690951496E-03,-25.741245598E-03
-2.257500E-06,-30.741202645E-03,-34.535215353E-03
-2.255000E-06,-60.891956091E-03,-45.841747895E-03
-2.252500E-06,-52.097986336E-03,-45.841747895E-03
-2.250000E-06,-21.947232890E-03,-25.741245598E-03
-2.247500E-06,-20.690951496E-03,-25.741245598E-03
-2.245000E-06,-40.791453794E-03,-25.741245598E-03
-2.242500E-06,-60.891956091E-03,-45.841747895E-03
-2.240000E-06,-42.047735187E-03,-25.741245598E-03
-2.237500E-06,-20.690951496E-03,-14.434713055E-03
-2.235000E-06,-40.791453794E-03,-25.741245598E-03
-2.232500E-06,-80.992458388E-03,-35.791496746E-03
-2.230000E-06,-60.891956091E-03,-25.741245598E-03
-2.227500E-06,-20.690951496E-03,-5.640743300E-03
-2.225000E-06,-40.791453794E-03,-25.741245598E-03
-2.222500E-06,-80.992458388E-03,-45.841747895E-03
-2.220000E-06,-60.891956091E-03,-25.741245598E-03
-2.217500E-06,-31.997484039E-03,-5.640743300E-03
-2.215000E-06,-40.791453794E-03,-5.640743300E-03
-2.212500E-06,-70.942207240E-03,-34.535215353E-03
-2.210000E-06,-62.148237485E-03,-45.841747895E-03
-2.207500E-06,-31.997484039E-03,-25.741245598E-03
-2.205000E-06,-20.690951496E-03,-5.640743300E-03
-2.202500E-06,-60.891956091E-03,-34.535215353E-03
-2.200000E-06,-80.992458388E-03,-45.841747895E-03
-2.197500E-06,-40.791453794E-03,-15.690994449E-03
-2.195000E-06,-20.690951496E-03,-5.640743300E-03
-2.192500E-06,-50.841704942E-03,-25.741245598E-03
-2.190000E-06,-60.891956091E-03,-25.741245598E-03
-2.187500E-06,-31.997484039E-03,-25.741245598E-03
-2.185000E-06,-20.690951496E-03,-24.484964204E-03
-2.182500E-06,-50.841704942E-03,-34.535215353E-03
-2.180000E-06,-60.891956091E-03,-45.841747895E-03
-2.177500E-06,-60.891956091E-03,-35.791496746E-03
-2.175000E-06,-21.947232890E-03,-5.640743300E-03
-2.172500E-06,-30.741202645E-03,-14.434713055E-03
-2.170000E-06,-60.891956091E-03,-44.585466501E-03
-2.167500E-06,-72.198488633E-03,-35.791496746E-03
-2.165000E-06,-40.791453794E-03,-5.640743300E-03
-2.162500E-06,-30.741202645E-03,-14.434713055E-03
-2.160000E-06,-60.891956091E-03,-25.741245598E-03
-2.157500E-06,-72.198488633E-03,-25.741245598E-03
-2.155000E-06,-40.791453794E-03,-25.741245598E-03
-2.152500E-06,-20.690951496E-03,-25.741245598E-03
-2.150000E-06,-60.891956091E-03,-25.741245598E-03
-2.147500E-06,-80.992458388E-03,-25.741245598E-03
-2.145000E-06,-42.047735187E-03,-5.640743300E-03
-2.142500E-06,-20.690951496E-03,-5.640743300E-03
-2.140000E-06,-40.791453794E-03,-25.741245598E-03
-2.137500E-06,-60.891956091E-03,-45.841747895E-03
-2.135000E-06,-60.891956091E-03,-25.741245598E-03
-2.132500E-06,-20.690951496E-03,-25.741245598E-03
-2.130000E-06,-40.791453794E-03,-25.741245598E-03
-2.127500E-06,-80.992458388E-03,-45.841747895E-03
-2.125000E-06,-62.148237485E-03,-25.741245598E-03
-2.122500E-06,-31.997484039E-03,-25.741245598E-03
-2.120000E-06,-40.791453794E-03,-25.741245598E-03
-2.117500E-06,-60.891956091E-03,-45.841747895E-03
-2.115000E-06,-62.148237485E-03,-45.841747895E-03
-2.112500E-06,-40.791453794E-03,-15.690994449E-03
-2.110000E-06,-40.791453794E-03,-5.640743300E-03
-2.107500E-06,-50.841704942E-03,-45.841747895E-03
-2.105000E-06,-80.992458388E-03,-45.841747895E-03
-2.102500E-06,-52.097986336E-03,-15.690994449E-03
-2.100000E-06,-20.690951496E-03,-5.640743300E-03
-2.097500E-06,-50.841704942E-03,-25.741245598E-03
-2.095000E-06,-80.992458388E-03,-45.841747895E-03
-2.092500E-06,-52.097986336E-03,-25.741245598E-03
-2.090000E-06,-21.947232890E-03,-25.741245598E-03
-2.087500E-06,-40.791453794E-03,-25.741245598E-03
-2.085000E-06,-60.891956091E-03,-44.585466501E-03
-2.082500E-06,-52.097986336E-03,-45.841747895E-03
-2.080000E-06,-21.947232890E-03,-25.741245598E-03
-2.077500E-06,-20.690951496E-03,-14.434713055E-03
-2.075000E-06,-60.891956091E-03,-44.585466501E-03
-2.072500E-06,-60.891956091E-03,-35.791496746E-03
-2.070000E-06,-21.947232890E-03,-25.741245598E-03
-2.067500E-06,-10.640700348E-03,-25.741245598E-03
-2.065000E-06,-60.891956091E-03,-25.741245598E-03
-2.062500E-06,-80.992458388E-03,-25.741245598E-03
-2.060000E-06,-42.047735187E-03,-25.741245598E-03
-2.057500E-06,-20.690951496E-03,-5.640743300E-03
-2.055000E-06,-40.791453794E-03,-25.741245598E-03
-2.052500E-06,-72.198488633E-03,-45.841747895E-03
-2.050000E-06,-42.047735187E-03,-25.741245598E-03
-2.047500E-06,-20.690951496E-03,-25.741245598E-03
-2.045000E-06,-40.791453794E-03,-25.741245598E-03
-2.042500E-06,-60.891956091E-03,-45.841747895E-03
-2.040000E-06,-60.891956091E-03,-25.741245598E-03
-2.037500E-06,-31.997484039E-03,-5.640743300E-03
-2.035000E-06,-40.791453794E-03,-24.484964204E-03
-2.032500E-06,-70.942207240E-03,-34.535215353E-03
-2.030000E-06,-80.992458388E-03,-25.741245598E-03
-2.027500E-06,-21.947232890E-03,-5.640743300E-03
-2.025000E-06,+19.510053098E-03,-5.640743300E-03
-2.022500E-06,+39.610555395E-03,-25.741245598E-03
-2.020000E-06,+78.555278596E-03,-25.741245598E-03
-2.017500E-06,+179.057790083E-03,-5.640743300E-03
-2.015000E-06,+279.560301569E-03,-5.640743300E-03
-2.012500E-06,+349.912059610E-03,-25.741245598E-03
-2.010000E-06,+400.163315353E-03,-45.841747895E-03
-2.007500E-06,+500.665826839E-03,-25.741245598E-03
-2.005000E-06,+581.067836029E-03,-25.741245598E-03
-2.002500E-06,+602.424619719E-03,-34.535215353E-03
-2.000000E-06,+582.324117422E-03,-45.841747895E-03
-1.997500E-06,+602.424619719E-03,-35.791496746E-03
-1.995000E-06,+641.369342920E-03,-25.741245598E-03
-1.992500E-06,+632.575373165E-03,-25.741245598E-03
-1.990000E-06,+602.424619719E-03,-44.585466501E-03
-1.987500E-06,+611.218589474E-03,-45.841747895E-03
-1.985000E-06,+641.369342920E-03,-25.741245598E-03
-1.982500E-06,+652.675875463E-03,-15.690994449E-03
-1.980000E-06,+622.525122017E-03,-44.585466501E-03
-1.977500E-06,+602.424619719E-03,-45.841747895E-03
-1.975000E-06,+602.424619719E-03,-25.741245598E-03
-1.972500E-06,+572.273866273E-03,-25.741245598E-03
-1.970000E-06,+481.821605936E-03,-45.841747895E-03
-1.967500E-06,+371.268843301E-03,-45.841747895E-03
-1.965000E-06,+321.017587557E-03,-25.741245598E-03
-1.962500E-06,+260.716080666E-03,-25.741245598E-03
-1.960000E-06,+140.113066882E-03,-25.741245598E-03
-1.957500E-06,+49.660806544E-03,-45.841747895E-03
-1.955000E-06,+19.510053098E-03,-45.841747895E-03
-1.952500E-06,+19.510053098E-03,-25.741245598E-03
-1.950000E-06,-590.449199E-06,-25.741245598E-03
-1.947500E-06,-40.791453794E-03,-25.741245598E-03
-1.945000E-06,-42.047735187E-03,+14.459758997E-03
-1.942500E-06,-11.896981741E-03,+114.962270483E-03
-1.940000E-06,-590.449199E-06,+195.364279673E-03
-1.937500E-06,-50.841704942E-03,+295.866791159E-03
-1.935000E-06,-60.891956091E-03,+436.570307240E-03
-1.932500E-06,-31.997484039E-03,+617.474827915E-03
-1.930000E-06,-20.690951496E-03,+778.278846294E-03
-1.927500E-06,-50.841704942E-03,+918.982362375E-03
-1.925000E-06,-60.891956091E-03,+1.039585376158E+00
-1.922500E-06,-31.997484039E-03,+1.140087887645E+00
-1.920000E-06,-1.846730593E-03,+1.220489896834E+00
-1.917500E-06,-30.741202645E-03,+1.260690901428E+00
-1.915000E-06,-60.891956091E-03,+1.260690901428E+00
-1.912500E-06,-52.097986336E-03,+1.280791403726E+00
-1.910000E-06,-20.690951496E-03,+1.300891906023E+00
-1.907500E-06,-10.640700348E-03,+1.300891906023E+00
-1.905000E-06,-60.891956091E-03,+1.300891906023E+00
-1.902500E-06,-60.891956091E-03,+1.300891906023E+00
-1.900000E-06,-21.947232890E-03,+1.300891906023E+00
-1.897500E-06,-20.690951496E-03,+1.292097936268E+00
-1.895000E-06,-60.891956091E-03,+1.241846680525E+00
-1.892500E-06,-60.891956091E-03,+1.171494922484E+00
-1.890000E-06,-21.947232890E-03,+1.101143164444E+00
-1.887500E-06,-20.690951496E-03,+990.590401809E-03
-1.885000E-06,-60.891956091E-03,+819.736132282E-03
-1.882500E-06,-60.891956091E-03,+628.781360458E-03
-1.880000E-06,-42.047735187E-03,+498.128095525E-03
-1.877500E-06,-20.690951496E-03,+357.424579444E-03
-1.875000E-06,-40.791453794E-03,+216.721063363E-03
-1.872500E-06,-80.992458388E-03,+126.268803026E-03
-1.870000E-06,-60.891956091E-03,+76.017547282E-03
-1.867500E-06,-11.896981741E-03,+54.660763592E-03
-1.865000E-06,-590.449199E-06,+34.560261294E-03
-1.862500E-06,-590.449199E-06,+14.459758997E-03
-1.860000E-06,+38.354274002E-03,+14.459758997E-03
-1.857500E-06,+128.806534340E-03,+34.560261294E-03
-1.855000E-06,+199.158292380E-03,+15.716040391E-03
-1.852500E-06,+229.309045826E-03,+5.665789242E-03
-1.850000E-06,+299.660803867E-03,+14.459758997E-03
-1.847500E-06,+400.163315353E-03,+14.459758997E-03
-1.845000E-06,+460.464822245E-03,+14.459758997E-03
-1.842500E-06,+481.821605936E-03,-5.640743300E-03
-1.840000E-06,+481.821605936E-03,-5.640743300E-03
-1.837500E-06,+530.816580285E-03,+4.409507848E-03
-1.835000E-06,+581.067836029E-03,+14.459758997E-03
-1.832500E-06,+562.223615125E-03,+5.665789242E-03
-1.830000E-06,+542.123112828E-03,-5.640743300E-03
-1.827500E-06,+550.917082583E-03,+4.409507848E-03
-1.825000E-06,+582.324117422E-03,+14.459758997E-03
-1.822500E-06,+582.324117422E-03,+5.665789242E-03
-1.820000E-06,+542.123112828E-03,-24.484964204E-03
-1.817500E-06,+542.123112828E-03,-15.690994449E-03
-1.815000E-06,+560.967333731E-03,-5.640743300E-03
-1.812500E-06,+532.072861679E-03,-5.640743300E-03
-1.810000E-06,+461.721103638E-03,-25.741245598E-03
-1.807500E-06,+391.369345598E-03,-25.741245598E-03
-1.805000E-06,+361.218592152E-03,+14.459758997E-03
-1.802500E-06,+300.917085260E-03,+14.459758997E-03
-1.800000E-06,+200.414573774E-03,-5.640743300E-03
-1.797500E-06,+130.062815733E-03,-25.741245598E-03
-1.795000E-06,+99.912062287E-03,-5.640743300E-03
-1.792500E-06,+69.761308841E-03,+4.409507848E-03
-1.790000E-06,+19.510053098E-03,-5.640743300E-03
-1.787500E-06,-10.640700348E-03,-25.741245598E-03
-1.785000E-06,-20.690951496E-03,-5.640743300E-03
-1.782500E-06,+19.510053098E-03,+14.459758997E-03
-1.780000E-06,-590.449199E-06,+14.459758997E-03
-1.777500E-06,-40.791453794E-03,+5.665789242E-03
-1.775000E-06,-40.791453794E-03,+14.459758997E-03
-1.772500E-06,-11.896981741E-03,+54.660763592E-03
-1.770000E-06,-20.690951496E-03,+35.816542688E-03
-1.767500E-06,-50.841704942E-03,+14.459758997E-03
-1.765000E-06,-60.891956091E-03,+14.459758997E-03
-1.762500E-06,-31.997484039E-03,+24.510010146E-03
-1.760000E-06,-20.690951496E-03,+14.459758997E-03
-1.757500E-06,-50.841704942E-03,-14.434713055E-03
-1.755000E-06,-60.891956091E-03,-25.741245598E-03
-1.752500E-06,-31.997484039E-03,-25.741245598E-03
-1.750000E-06,-590.449199E-06,-5.640743300E-03
-1.747500E-06,-30.741202645E-03,-45.841747895E-03
-1.745000E-06,-60.891956091E-03,-45.841747895E-03
-1.742500E-06,-40.791453794E-03,-35.791496746E-03
-1.740000E-06,-1.846730593E-03,-25.741245598E-03
-1.737500E-06,-30.741202645E-03,-54.635717650E-03
-1.735000E-06,-60.891956091E-03,-65.942250192E-03
-1.732500E-06,-52.097986336E-03,-65.942250192E-03
-1.730000E-06,-40.791453794E-03,-45.841747895E-03
-1.727500E-06,-50.841704942E-03,-65.942250192E-03
-1.725000E-06,-80.992458388E-03,-86.042752489E-03
-1.722500E-06,-72.198488633E-03,-106.143254787E-03
-1.720000E-06,-40.791453794E-03,-86.042752489E-03
-1.717500E-06,-20.690951496E-03,-86.042752489E-03
-1.715000E-06,-60.891956091E-03,-86.042752489E-03
-1.712500E-06,-72.198488633E-03,-86.042752489E-03
-1.710000E-06,-42.047735187E-03,-45.841747895E-03
-1.707500E-06,-590.449199E-06,-34.535215353E-03
-1.705000E-06,-40.791453794E-03,-45.841747895E-03
-1.702500E-06,-60.891956091E-03,-45.841747895E-03
-1.700000E-06,-42.047735187E-03,-25.741245598E-03
-1.697500E-06,-590.449199E-06,-25.741245598E-03
-1.695000E-06,-20.690951496E-03,-44.585466501E-03
-1.692500E-06,-40.791453794E-03,-45.841747895E-03
-1.690000E-06,-40.791453794E-03,-45.841747895E-03
-1.687500E-06,-11.896981741E-03,-25.741245598E-03
-1.685000E-06,-590.449199E-06,-25.741245598E-03
-1.682500E-06,-40.791453794E-03,-45.841747895E-03
-1.680000E-06,-60.891956091E-03,-45.841747895E-03
-1.677500E-06,-20.690951496E-03,-25.741245598E-03
-1.675000E-06,-20.690951496E-03,-25.741245598E-03
-1.672500E-06,-60.891956091E-03,-34.535215353E-03
-1.670000E-06,-80.992458388E-03,-45.841747895E-03
-1.667500E-06,-52.097986336E-03,-25.741245598E-03
-1.665000E-06,-40.791453794E-03,-25.741245598E-03
-1.662500E-06,-70.942207240E-03,-45.841747895E-03
-1.660000E-06,-80.992458388E-03,-45.841747895E-03
-1.657500E-06,-60.891956091E-03,-35.791496746E-03
-1.655000E-06,-40.791453794E-03,-25.741245598E-03
-1.652500E-06,-50.841704942E-03,-34.535215353E-03
-1.650000E-06,-80.992458388E-03,-45.841747895E-03
-1.647500E-06,-80.992458388E-03,-25.741245598E-03
-1.645000E-06,-60.891956091E-03,-5.640743300E-03
-1.642500E-06,-60.891956091E-03,-25.741245598E-03
-1.640000E-06,-101.092960685E-03,-45.841747895E-03
-1.637500E-06,-101.092960685E-03,-35.791496746E-03
-1.635000E-06,-62.148237485E-03,-5.640743300E-03
-1.632500E-06,-50.841704942E-03,-14.434713055E-03
-1.630000E-06,-80.992458388E-03,-44.585466501E-03
-1.627500E-06,-80.992458388E-03,-45.841747895E-03
-1.625000E-06,-42.047735187E-03,-25.741245598E-03
-1.622500E-06,-30.741202645E-03,-5.640743300E-03
-1.620000E-06,-60.891956091E-03,-25.741245598E-03
-1.617500E-06,-80.992458388E-03,-45.841747895E-03
-1.615000E-06,-62.148237485E-03,-25.741245598E-03
-1.612500E-06,-20.690951496E-03,-5.640743300E-03
-1.610000E-06,-40.791453794E-03,-25.741245598E-03
-1.607500E-06,-70.942207240E-03,-45.841747895E-03
-1.605000E-06,-60.891956091E-03,-25.741245598E-03
-1.602500E-06,-31.997484039E-03,-25.741245598E-03
-1.600000E-06,-40.791453794E-03,-25.741245598E-03
-1.597500E-06,-70.942207240E-03,-45.841747895E-03
-1.595000E-06,-62.148237485E-03,-45.841747895E-03
-1.592500E-06,-31.997484039E-03,-25.741245598E-03
-1.590000E-06,-20.690951496E-03,-25.741245598E-03
-1.587500E-06,-50.841704942E-03,-45.841747895E-03
-1.585000E-06,-80.992458388E-03,-45.841747895E-03
-1.582500E-06,-40.791453794E-03,-15.690994449E-03
-1.580000E-06,-20.690951496E-03,-5.640743300E-03
-1.577500E-06,-50.841704942E-03,-34.535215353E-03
-1.575000E-06,-80.992458388E-03,-45.841747895E-03
-1.572500E-06,-31.997484039E-03,-25.741245598E-03
-1.570000E-06,-1.846730593E-03,-25.741245598E-03
-1.567500E-06,-30.741202645E-03,-34.535215353E-03
-1.565000E-06,-60.891956091E-03,-45.841747895E-03
-1.562500E-06,-52.097986336E-03,-35.791496746E-03
-1.560000E-06,-21.947232890E-03,-25.741245598E-03
-1.557500E-06,-30.741202645E-03,-25.741245598E-03
-1.555000E-06,-60.891956091E-03,-45.841747895E-03
-1.552500E-06,-72.198488633E-03,-35.791496746E-03
-1.550000E-06,-40.791453794E-03,-5.640743300E-03
-1.547500E-06,-30.741202645E-03,-25.741245598E-03
-1.545000E-06,-60.891956091E-03,-44.585466501E-03
-1.542500E-06,-60.891956091E-03,-35.791496746E-03
-1.540000E-06,-40.791453794E-03,-25.741245598E-03
-1.537500E-06,-20.690951496E-03,-25.741245598E-03
-1.535000E-06,-60.891956091E-03,-44.585466501E-03
-1.532500E-06,-72.198488633E-03,-45.841747895E-03
-1.530000E-06,-42.047735187E-03,-25.741245598E-03
-1.527500E-06,-20.690951496E-03,-25.741245598E-03
-1.525000E-06,-40.791453794E-03,-25.741245598E-03
-1.522500E-06,-80.992458388E-03,-45.841747895E-03
-1.520000E-06,-62.148237485E-03,-45.841747895E-03
-1.517500E-06,-20.690951496E-03,-15.690994449E-03
-1.515000E-06,-40.791453794E-03,-25.741245598E-03
-1.512500E-06,-80.992458388E-03,-45.841747895E-03
-1.510000E-06,-62.148237485E-03,-25.741245598E-03
-1.507500E-06,-31.997484039E-03,-25.741245598E-03
-1.505000E-06,-20.690951496E-03,-25.741245598E-03
-1.502500E-06,-60.891956091E-03,-45.841747895E-03
-1.500000E-06,-62.148237485E-03,-45.841747895E-03
-1.497500E-06,-40.791453794E-03,-25.741245598E-03
-1.495000E-06,-20.690951496E-03,-25.741245598E-03
-1.492500E-06,-50.841704942E-03,-25.741245598E-03
-1.490000E-06,-60.891956091E-03,-25.741245598E-03
-1.487500E-06,-40.791453794E-03,-25.741245598E-03
-1.485000E-06,-20.690951496E-03,-5.640743300E-03
-1.482500E-06,-40.791453794E-03,-25.741245598E-03
-1.480000E-06,-80.992458388E-03,-45.841747895E-03
-1.477500E-06,-52.097986336E-03,-25.741245598E-03
-1.475000E-06,-20.690951496E-03,-5.640743300E-03
-1.472500E-06,-40.791453794E-03,-25.741245598E-03
-1.470000E-06,-80.992458388E-03,-44.585466501E-03
-1.467500E-06,-60.891956091E-03,-35.791496746E-03
-1.465000E-06,-40.791453794E-03,-25.741245598E-03
-1.462500E-06,-30.741202645E-03,-14.434713055E-03
-1.460000E-06,-60.891956091E-03,-25.741245598E-03
-1.457500E-06,-60.891956091E-03,-35.791496746E-03
-1.455000E-06,-40.791453794E-03,-25.741245598E-03
-1.452500E-06,-20.690951496E-03,-14.434713055E-03
-1.450000E-06,-40.791453794E-03,-25.741245598E-03
-1.447500E-06,-72.198488633E-03,-45.841747895E-03
-1.445000E-06,-42.047735187E-03,-25.741245598E-03
-1.442500E-06,-20.690951496E-03,-25.741245598E-03
-1.440000E-06,-40.791453794E-03,-25.741245598E-03
-1.437500E-06,-60.891956091E-03,-25.741245598E-03
-1.435000E-06,-42.047735187E-03,-25.741245598E-03
-1.432500E-06,-20.690951496E-03,-5.640743300E-03
-1.430000E-06,-40.791453794E-03,-24.484964204E-03
-1.427500E-06,-60.891956091E-03,-25.741245598E-03
-1.425000E-06,-60.891956091E-03,-25.741245598E-03
-1.422500E-06,-31.997484039E-03,-15.690994449E-03
-1.420000E-06,-20.690951496E-03,-24.484964204E-03
-1.417500E-06,-60.891956091E-03,-25.741245598E-03
-1.415000E-06,-62.148237485E-03,-25.741245598E-03
-1.412500E-06,-31.997484039E-03,-5.640743300E-03
-1.410000E-06,-20.690951496E-03,-5.640743300E-03
-1.407500E-06,-50.841704942E-03,-25.741245598E-03
-1.405000E-06,-60.891956091E-03,-25.741245598E-03
-1.402500E-06,-31.997484039E-03,-15.690994449E-03
-1.400000E-06,-20.690951496E-03,-5.640743300E-03
-1.397500E-06,-50.841704942E-03,-25.741245598E-03
-1.395000E-06,-60.891956091E-03,-45.841747895E-03
-1.392500E-06,-52.097986336E-03,-35.791496746E-03
-1.390000E-06,-20.690951496E-03,-5.640743300E-03
-1.387500E-06,-30.741202645E-03,-14.434713055E-03
-1.385000E-06,-80.992458388E-03,-44.585466501E-03
-1.382500E-06,-60.891956091E-03,-35.791496746E-03
-1.380000E-06,-21.947232890E-03,-5.640743300E-03
-1.377500E-06,-30.741202645E-03,-14.434713055E-03
-1.375000E-06,-80.992458388E-03,-25.741245598E-03
-1.372500E-06,-72.198488633E-03,-25.741245598E-03
-1.370000E-06,-40.791453794E-03,-25.741245598E-03
-1.367500E-06,-30.741202645E-03,-25.741245598E-03
-1.365000E-06,-60.891956091E-03,-25.741245598E-03
-1.362500E-06,-60.891956091E-03,-45.841747895E-03
-1.360000E-06,-42.047735187E-03,-25.741245598E-03
-1.357500E-06,-20.690951496E-03,-25.741245598E-03
-1.355000E-06,-40.791453794E-03,-44.585466501E-03
-1.352500E-06,-60.891956091E-03,-45.841747895E-03
-1.350000E-06,-42.047735187E-03,-25.741245598E-03
-1.347500E-06,-20.690951496E-03,-14.434713055E-03
-1.345000E-06,-40.791453794E-03,-25.741245598E-03
-1.342500E-06,-60.891956091E-03,-25.741245598E-03
-1.340000E-06,-42.047735187E-03,-25.741245598E-03
-1.337500E-06,-20.690951496E-03,-5.640743300E-03
-1.335000E-06,-20.690951496E-03,-24.484964204E-03
-1.332500E-06,-60.891956091E-03,-45.841747895E-03
-1.330000E-06,-60.891956091E-03,-45.841747895E-03
-1.327500E-06,-40.791453794E-03,-15.690994449E-03
-1.325000E-06,-20.690951496E-03,-5.640743300E-03
-1.322500E-06,-50.841704942E-03,-34.535215353E-03
-1.320000E-06,-60.891956091E-03,-45.841747895E-03
-1.317500E-06,-40.791453794E-03,-15.690994449E-03
-1.315000E-06,-20.690951496E-03,-24.484964204E-03
-1.312500E-06,-50.841704942E-03,-34.535215353E-03
-1.310000E-06,-60.891956091E-03,-45.841747895E-03
-1.307500E-06,-52.097986336E-03,-25.741245598E-03
-1.305000E-06,-20.690951496E-03,-5.640743300E-03
-1.302500E-06,-40.791453794E-03,-14.434713055E-03
-1.300000E-06,-60.891956091E-03,-44.585466501E-03
-1.297500E-06,-52.097986336E-03,-35.791496746E-03
-1.295000E-06,-21.947232890E-03,-25.741245598E-03
-1.292500E-06,-40.791453794E-03,-25.741245598E-03
-1.290000E-06,-80.992458388E-03,-45.841747895E-03
-1.287500E-06,-60.891956091E-03,-45.841747895E-03
-1.285000E-06,-21.947232890E-03,-5.640743300E-03
-1.282500E-06,-30.741202645E-03,-14.434713055E-03
-1.280000E-06,-60.891956091E-03,-25.741245598E-03
-1.277500E-06,-72.198488633E-03,-25.741245598E-03
-1.275000E-06,-40.791453794E-03,-5.640743300E-03
-1.272500E-06,-20.690951496E-03,-5.640743300E-03
-1.270000E-06,-40.791453794E-03,-24.484964204E-03
-1.267500E-06,-60.891956091E-03,-45.841747895E-03
-1.265000E-06,-42.047735187E-03,-25.741245598E-03
-1.262500E-06,-20.690951496E-03,-5.640743300E-03
-1.260000E-06,-40.791453794E-03,-24.484964204E-03
-1.257500E-06,-70.942207240E-03,-45.841747895E-03
-1.255000E-06,-60.891956091E-03,-25.741245598E-03
-1.252500E-06,-20.690951496E-03,-5.640743300E-03
-1.250000E-06,-40.791453794E-03,-25.741245598E-03
-1.247500E-06,-70.942207240E-03,-45.841747895E-03
-1.245000E-06,-62.148237485E-03,-25.741245598E-03
-1.242500E-06,-31.997484039E-03,-15.690994449E-03
-1.240000E-06,-20.690951496E-03,-5.640743300E-03
-1.237500E-06,-60.891956091E-03,-25.741245598E-03
-1.235000E-06,-60.891956091E-03,-45.841747895E-03
-1.232500E-06,-31.997484039E-03,-15.690994449E-03
-1.230000E-06,-20.690951496E-03,-5.640743300E-03
-1.227500E-06,-50.841704942E-03,-34.535215353E-03
-1.225000E-06,-80.992458388E-03,-45.841747895E-03
-1.222500E-06,-52.097986336E-03,-35.791496746E-03
-1.220000E-06,-40.791453794E-03,-25.741245598E-03
-1.217500E-06,-50.841704942E-03,-34.535215353E-03
-1.215000E-06,-80.992458388E-03,-45.841747895E-03
-1.212500E-06,-60.891956091E-03,-25.741245598E-03
-1.210000E-06,-21.947232890E-03,-25.741245598E-03
-1.207500E-06,-40.791453794E-03,-25.741245598E-03
-1.205000E-06,-60.891956091E-03,-44.585466501E-03
-1.202500E-06,-60.891956091E-03,-45.841747895E-03
-1.200000E-06,-40.791453794E-03,-25.741245598E-03
-1.197500E-06,-30.741202645E-03,-14.434713055E-03
-1.195000E-06,-60.891956091E-03,-44.585466501E-03
-1.192500E-06,-72.198488633E-03,-35.791496746E-03
-1.190000E-06,-42.047735187E-03,-5.640743300E-03
-1.187500E-06,-20.690951496E-03,-5.640743300E-03
-1.185000E-06,-40.791453794E-03,-25.741245598E-03
-1.182500E-06,-60.891956091E-03,-35.791496746E-03
-1.180000E-06,-42.047735187E-03,-25.741245598E-03
-1.177500E-06,-20.690951496E-03,-5.640743300E-03
-1.175000E-06,-60.891956091E-03,-24.484964204E-03
-1.172500E-06,-80.992458388E-03,-25.741245598E-03
-1.170000E-06,-62.148237485E-03,-25.741245598E-03
-1.167500E-06,-31.997484039E-03,-15.690994449E-03
-1.165000E-06,-40.791453794E-03,-24.484964204E-03
-1.162500E-06,-60.891956091E-03,-45.841747895E-03
-1.160000E-06,-60.891956091E-03,-45.841747895E-03
-1.157500E-06,-31.997484039E-03,-25.741245598E-03
-1.155000E-06,-20.690951496E-03,-25.741245598E-03
-1.152500E-06,-70.942207240E-03,-34.535215353E-03
-1.150000E-06,-62.148237485E-03,-25.741245598E-03
-1.147500E-06,-31.997484039E-03,-25.741245598E-03
-1.145000E-06,-20.690951496E-03,-25.741245598E-03
-1.142500E-06,-50.841704942E-03,-25.741245598E-03
-1.140000E-06,-60.891956091E-03,-44.585466501E-03
-1.137500E-06,-40.791453794E-03,-35.791496746E-03
-1.135000E-06,-20.690951496E-03,-25.741245598E-03
-1.132500E-06,-40.791453794E-03,-25.741245598E-03
-1.130000E-06,-60.891956091E-03,-45.841747895E-03
-1.127500E-06,-52.097986336E-03,-35.791496746E-03
-1.125000E-06,-21.947232890E-03,-5.640743300E-03
-1.122500E-06,-30.741202645E-03,-14.434713055E-03
-1.120000E-06,-60.891956091E-03,-25.741245598E-03
-1.117500E-06,-52.097986336E-03,-25.741245598E-03
-1.115000E-06,-21.947232890E-03,-5.640743300E-03
-1.112500E-06,-30.741202645E-03,-25.741245598E-03
-1.110000E-06,-60.891956091E-03,-45.841747895E-03
-1.107500E-06,-60.891956091E-03,-45.841747895E-03
-1.105000E-06,-40.791453794E-03,-25.741245598E-03
-1.102500E-06,-20.690951496E-03,-25.741245598E-03
-1.100000E-06,-60.891956091E-03,-44.585466501E-03
-1.097500E-06,-80.992458388E-03,-45.841747895E-03
-1.095000E-06,-42.047735187E-03,-25.741245598E-03
-1.092500E-06,-20.690951496E-03,-5.640743300E-03
-1.090000E-06,-40.791453794E-03,-25.741245598E-03
-1.087500E-06,-60.891956091E-03,-45.841747895E-03
-1.085000E-06,-60.891956091E-03,-25.741245598E-03
-1.082500E-06,-20.690951496E-03,-5.640743300E-03
-1.080000E-06,-40.791453794E-03,-25.741245598E-03
-1.077500E-06,-60.891956091E-03,-34.535215353E-03
-1.075000E-06,-60.891956091E-03,-25.741245598E-03
-1.072500E-06,-20.690951496E-03,-25.741245598E-03
-1.070000E-06,-20.690951496E-03,-25.741245598E-03
-1.067500E-06,-60.891956091E-03,-34.535215353E-03
-1.065000E-06,-80.992458388E-03,-45.841747895E-03
-1.062500E-06,-31.997484039E-03,-25.741245598E-03
-1.060000E-06,-20.690951496E-03,-25.741245598E-03
-1.057500E-06,-50.841704942E-03,-25.741245598E-03
-1.055000E-06,-80.992458388E-03,-25.741245598E-03
-1.052500E-06,-52.097986336E-03,-25.741245598E-03
-1.050000E-06,-21.947232890E-03,-5.640743300E-03
-1.047500E-06,-50.841704942E-03,-25.741245598E-03
-1.045000E-06,-80.992458388E-03,-44.585466501E-03
-1.042500E-06,-52.097986336E-03,-35.791496746E-03
-1.040000E-06,-21.947232890E-03,-25.741245598E-03
-1.037500E-06,-50.841704942E-03,-25.741245598E-03
-1.035000E-06,-60.891956091E-03,-44.585466501E-03
-1.032500E-06,-60.891956091E-03,-25.741245598E-03
-1.030000E-06,-21.947232890E-03,-5.640743300E-03
-1.027500E-06,-30.741202645E-03,-25.741245598E-03
-1.025000E-06,-60.891956091E-03,-45.841747895E-03
-1.022500E-06,-60.891956091E-03,-35.791496746E-03
-1.020000E-06,-40.791453794E-03,-25.741245598E-03
-1.017500E-06,-30.741202645E-03,-25.741245598E-03
-1.015000E-06,-60.891956091E-03,-25.741245598E-03
-1.012500E-06,-80.992458388E-03,-45.841747895E-03
-1.010000E-06,-60.891956091E-03,-25.741245598E-03
-1.007500E-06,-40.791453794E-03,-25.741245598E-03
-1.005000E-06,-60.891956091E-03,-25.741245598E-03
-1.002500E-06,-80.992458388E-03,-45.841747895E-03
-1.000000E-06,-62.148237485E-03,-25.741245598E-03
-997.500E-09,-20.690951496E-03,-25.741245598E-03
-995.000E-09,-40.791453794E-03,-25.741245598E-03
-992.500E-09,-60.891956091E-03,-45.841747895E-03
-990.000E-09,-60.891956091E-03,-25.741245598E-03
-987.500E-09,-20.690951496E-03,-25.741245598E-03
-985.000E-09,-40.791453794E-03,-25.741245598E-03
-982.500E-09,-60.891956091E-03,-45.841747895E-03
-980.000E-09,-62.148237485E-03,-45.841747895E-03
-977.500E-09,-40.791453794E-03,-25.741245598E-03
-975.000E-09,-20.690951496E-03,-25.741245598E-03
-972.500E-09,-60.891956091E-03,-45.841747895E-03
-970.000E-09,-80.992458388E-03,-45.841747895E-03
-967.500E-09,-52.097986336E-03,-25.741245598E-03
-965.000E-09,-40.791453794E-03,-25.741245598E-03
-962.500E-09,-60.891956091E-03,-34.535215353E-03
-960.000E-09,-80.992458388E-03,-45.841747895E-03
-957.500E-09,-52.097986336E-03,-25.741245598E-03
-955.000E-09,-20.690951496E-03,-25.741245598E-03
-952.500E-09,-40.791453794E-03,-25.741245598E-03
-950.000E-09,-80.992458388E-03,-25.741245598E-03
-947.500E-09,-60.891956091E-03,-25.741245598E-03
-945.000E-09,-40.791453794E-03,-25.741245598E-03
-942.500E-09,-40.791453794E-03,-25.741245598E-03
-940.000E-09,-60.891956091E-03,-45.841747895E-03
-937.500E-09,-60.891956091E-03,-45.841747895E-03
-935.000E-09,-21.947232890E-03,-25.741245598E-03
-932.500E-09,-20.690951496E-03,-25.741245598E-03
-930.000E-09,-60.891956091E-03,-45.841747895E-03
-927.500E-09,-80.992458388E-03,-45.841747895E-03
-925.000E-09,-42.047735187E-03,-25.741245598E-03
-922.500E-09,-20.690951496E-03,-25.741245598E-03
-920.000E-09,-40.791453794E-03,-25.741245598E-03
-917.500E-09,-70.942207240E-03,-25.741245598E-03
-915.000E-09,-42.047735187E-03,-25.741245598E-03
-912.500E-09,-31.997484039E-03,-5.640743300E-03
-910.000E-09,-40.791453794E-03,-24.484964204E-03
-907.500E-09,-60.891956091E-03,-45.841747895E-03
-905.000E-09,-60.891956091E-03,-25.741245598E-03
-902.500E-09,-31.997484039E-03,-15.690994449E-03
-900.000E-09,-40.791453794E-03,-5.640743300E-03
-897.500E-09,-70.942207240E-03,-34.535215353E-03
-895.000E-09,-62.148237485E-03,-45.841747895E-03
-892.500E-09,-31.997484039E-03,-15.690994449E-03
-890.000E-09,-20.690951496E-03,-5.640743300E-03
-887.500E-09,-70.942207240E-03,-25.741245598E-03
-885.000E-09,-80.992458388E-03,-25.741245598E-03
-882.500E-09,-31.997484039E-03,-5.640743300E-03
-880.000E-09,-20.690951496E-03,-5.640743300E-03
-877.500E-09,-50.841704942E-03,-34.535215353E-03
-875.000E-09,-60.891956091E-03,-45.841747895E-03
-872.500E-09,-52.097986336E-03,-25.741245598E-03
-870.000E-09,-20.690951496E-03,-5.640743300E-03
-867.500E-09,-40.791453794E-03,-25.741245598E-03
-865.000E-09,-80.992458388E-03,-45.841747895E-03
-862.500E-09,-52.097986336E-03,-15.690994449E-03
-860.000E-09,-21.947232890E-03,-5.640743300E-03
-857.500E-09,-50.841704942E-03,-25.741245598E-03
-855.000E-09,-60.891956091E-03,-45.841747895E-03
-852.500E-09,-52.097986336E-03,-45.841747895E-03
-850.000E-09,-21.947232890E-03,-25.741245598E-03
-847.500E-09,-30.741202645E-03,-25.741245598E-03
-845.000E-09,-60.891956091E-03,-25.741245598E-03
-842.500E-09,-80.992458388E-03,-35.791496746E-03
-840.000E-09,-42.047735187E-03,-25.741245598E-03
-837.500E-09,-20.690951496E-03,-25.741245598E-03
-835.000E-09,-60.891956091E-03,-44.585466501E-03
-832.500E-09,-72.198488633E-03,-45.841747895E-03
-830.000E-09,-42.047735187E-03,-25.741245598E-03
-827.500E-09,-10.640700348E-03,-25.741245598E-03
-825.000E-09,-40.791453794E-03,-44.585466501E-03
-822.500E-09,-60.891956091E-03,-35.791496746E-03
-820.000E-09,-60.891956091E-03,-25.741245598E-03
-817.500E-09,-31.997484039E-03,-5.640743300E-03
-815.000E-09,-40.791453794E-03,-24.484964204E-03
-812.500E-09,-70.942207240E-03,-34.535215353E-03
-810.000E-09,-62.148237485E-03,-45.841747895E-03
-807.500E-09,-31.997484039E-03,-15.690994449E-03
-805.000E-09,-20.690951496E-03,-5.640743300E-03
-802.500E-09,-60.891956091E-03,-45.841747895E-03
-800.000E-09,-62.148237485E-03,-45.841747895E-03
-797.500E-09,-31.997484039E-03,-5.640743300E-03
-795.000E-09,-20.690951496E-03,-5.640743300E-03
-792.500E-09,-50.841704942E-03,-25.741245598E-03
-790.000E-09,-60.891956091E-03,-25.741245598E-03
-787.500E-09,-40.791453794E-03,-25.741245598E-03
-785.000E-09,-20.690951496E-03,-25.741245598E-03
-782.500E-09,-50.841704942E-03,-25.741245598E-03
-780.000E-09,-60.891956091E-03,-25.741245598E-03
-777.500E-09,-52.097986336E-03,-25.741245598E-03
-775.000E-09,-20.690951496E-03,-5.640743300E-03
-772.500E-09,-40.791453794E-03,-25.741245598E-03
-770.000E-09,-80.992458388E-03,-45.841747895E-03
-767.500E-09,-72.198488633E-03,-35.791496746E-03
-765.000E-09,-21.947232890E-03,-5.640743300E-03
-762.500E-09,-30.741202645E-03,-25.741245598E-03
-760.000E-09,-60.891956091E-03,-45.841747895E-03
-757.500E-09,-60.891956091E-03,-35.791496746E-03
-755.000E-09,-40.791453794E-03,-25.741245598E-03
-752.500E-09,-20.690951496E-03,-14.434713055E-03
-750.000E-09,-40.791453794E-03,-44.585466501E-03
-747.500E-09,-60.891956091E-03,-45.841747895E-03
-745.000E-09,-42.047735187E-03,-25.741245598E-03
-742.500E-09,-20.690951496E-03,-5.640743300E-03
-740.000E-09,-40.791453794E-03,-24.484964204E-03
-737.500E-09,-70.942207240E-03,-25.741245598E-03
-735.000E-09,-60.891956091E-03,-25.741245598E-03
-732.500E-09,-20.690951496E-03,-5.640743300E-03
-730.000E-09,-40.791453794E-03,-5.640743300E-03
-727.500E-09,-70.942207240E-03,-25.741245598E-03
-725.000E-09,-62.148237485E-03,-25.741245598E-03
-722.500E-09,-31.997484039E-03,-25.741245598E-03
-720.000E-09,-40.791453794E-03,-25.741245598E-03
-717.500E-09,-60.891956091E-03,-25.741245598E-03
-715.000E-09,-60.891956091E-03,-45.841747895E-03
-712.500E-09,-40.791453794E-03,-25.741245598E-03
-710.000E-09,-20.690951496E-03,-25.741245598E-03
-707.500E-09,-50.841704942E-03,-45.841747895E-03
-705.000E-09,-60.891956091E-03,-45.841747895E-03
-702.500E-09,-40.791453794E-03,-15.690994449E-03
-700.000E-09,-20.690951496E-03,-5.640743300E-03
-697.500E-09,-50.841704942E-03,-25.741245598E-03
-695.000E-09,-80.992458388E-03,-25.741245598E-03
-692.500E-09,-52.097986336E-03,-25.741245598E-03
-690.000E-09,-21.947232890E-03,-5.640743300E-03
-687.500E-09,-40.791453794E-03,-25.741245598E-03
-685.000E-09,-60.891956091E-03,-25.741245598E-03
-682.500E-09,-60.891956091E-03,-25.741245598E-03
-680.000E-09,-21.947232890E-03,-25.741245598E-03
-677.500E-09,-30.741202645E-03,-25.741245598E-03
-675.000E-09,-60.891956091E-03,-44.585466501E-03
-672.500E-09,-72.198488633E-03,-35.791496746E-03
-670.000E-09,-42.047735187E-03,-5.640743300E-03
-667.500E-09,-20.690951496E-03,-14.434713055E-03
-665.000E-09,-60.891956091E-03,-44.585466501E-03
-662.500E-09,-80.992458388E-03,-35.791496746E-03
-660.000E-09,-42.047735187E-03,-25.741245598E-03
-657.500E-09,-20.690951496E-03,-25.741245598E-03
-655.000E-09,-60.891956091E-03,-44.585466501E-03
-652.500E-09,-72.198488633E-03,-45.841747895E-03
-650.000E-09,-42.047735187E-03,-25.741245598E-03
-647.500E-09,-20.690951496E-03,-5.640743300E-03
-645.000E-09,-40.791453794E-03,-5.640743300E-03
-642.500E-09,-60.891956091E-03,-45.841747895E-03
-640.000E-09,-60.891956091E-03,-25.741245598E-03
-637.500E-09,-31.997484039E-03,-5.640743300E-03
-635.000E-09,-40.791453794E-03,-24.484964204E-03
-632.500E-09,-60.891956091E-03,-25.741245598E-03
-630.000E-09,-60.891956091E-03,-25.741245598E-03
-627.500E-09,-31.997484039E-03,-15.690994449E-03
-625.000E-09,-20.690951496E-03,-24.484964204E-03
-622.500E-09,-50.841704942E-03,-25.741245598E-03
-620.000E-09,-60.891956091E-03,-45.841747895E-03
-617.500E-09,-40.791453794E-03,-25.741245598E-03
-615.000E-09,-40.791453794E-03,-5.640743300E-03
-612.500E-09,-50.841704942E-03,-25.741245598E-03
-610.000E-09,-60.891956091E-03,-45.841747895E-03
-607.500E-09,-52.097986336E-03,-25.741245598E-03
-605.000E-09,-20.690951496E-03,-5.640743300E-03
-602.500E-09,-30.741202645E-03,-25.741245598E-03
-600.000E-09,-60.891956091E-03,-45.841747895E-03
-597.500E-09,-60.891956091E-03,-25.741245598E-03
-595.000E-09,-21.947232890E-03,-5.640743300E-03
-592.500E-09,-30.741202645E-03,-14.434713055E-03
-590.000E-09,-60.891956091E-03,-25.741245598E-03
-587.500E-09,-52.097986336E-03,-35.791496746E-03
-585.000E-09,-40.791453794E-03,-5.640743300E-03
-582.500E-09,-40.791453794E-03,-14.434713055E-03
-580.000E-09,-60.891956091E-03,-44.585466501E-03
-577.500E-09,-72.198488633E-03,-45.841747895E-03
-575.000E-09,-42.047735187E-03,-25.741245598E-03
-572.500E-09,-20.690951496E-03,-5.640743300E-03
-570.000E-09,-60.891956091E-03,-25.741245598E-03
-567.500E-09,-80.992458388E-03,-45.841747895E-03
-565.000E-09,-42.047735187E-03,-25.741245598E-03
-562.500E-09,-20.690951496E-03,-5.640743300E-03
-560.000E-09,-40.791453794E-03,-25.741245598E-03
-557.500E-09,-80.992458388E-03,-45.841747895E-03
-555.000E-09,-60.891956091E-03,-45.841747895E-03
-552.500E-09,-31.997484039E-03,-25.741245598E-03
-550.000E-09,-40.791453794E-03,-25.741245598E-03
-547.500E-09,-60.891956091E-03,-45.841747895E-03
-545.000E-09,-60.891956091E-03,-45.841747895E-03
-542.500E-09,-31.997484039E-03,-25.741245598E-03
-540.000E-09,-20.690951496E-03,-25.741245598E-03
-537.500E-09,-50.841704942E-03,-45.841747895E-03
-535.000E-09,-62.148237485E-03,-45.841747895E-03
-532.500E-09,-31.997484039E-03,-15.690994449E-03
-530.000E-09,-20.690951496E-03,-24.484964204E-03
-527.500E-09,-50.841704942E-03,-34.535215353E-03
-525.000E-09,-60.891956091E-03,-45.841747895E-03
-522.500E-09,-40.791453794E-03,-35.791496746E-03
-520.000E-09,-20.690951496E-03,-25.741245598E-03
-517.500E-09,-40.791453794E-03,-25.741245598E-03
-515.000E-09,-80.992458388E-03,-45.841747895E-03
-512.500E-09,-52.097986336E-03,-35.791496746E-03
-510.000E-09,-21.947232890E-03,-25.741245598E-03
-507.500E-09,-30.741202645E-03,-34.535215353E-03
-505.000E-09,-80.992458388E-03,-45.841747895E-03
-502.500E-09,-72.198488633E-03,-45.841747895E-03
-500.000E-09,-21.947232890E-03,-25.741245598E-03
-497.500E-09,-30.741202645E-03,-25.741245598E-03
-495.000E-09,-60.891956091E-03,-25.741245598E-03
-492.500E-09,-72.198488633E-03,-25.741245598E-03
-490.000E-09,-40.791453794E-03,-25.741245598E-03
-487.500E-09,-20.690951496E-03,-25.741245598E-03
-485.000E-09,-60.891956091E-03,-25.741245598E-03
-482.500E-09,-60.891956091E-03,-45.841747895E-03
-480.000E-09,-42.047735187E-03,-25.741245598E-03
-477.500E-09,-20.690951496E-03,-5.640743300E-03
-475.000E-09,-40.791453794E-03,-24.484964204E-03
-472.500E-09,-80.992458388E-03,-35.791496746E-03
-470.000E-09,-62.148237485E-03,-25.741245598E-03
-467.500E-09,-20.690951496E-03,-5.640743300E-03
-465.000E-09,-40.791453794E-03,-24.484964204E-03
-462.500E-09,-80.992458388E-03,-45.841747895E-03
-460.000E-09,-62.148237485E-03,-45.841747895E-03
-457.500E-09,-31.997484039E-03,-25.741245598E-03
-455.000E-09,-20.690951496E-03,-25.741245598E-03
-452.500E-09,-50.841704942E-03,-25.741245598E-03
-450.000E-09,-60.891956091E-03,-25.741245598E-03
-447.500E-09,-40.791453794E-03,-5.640743300E-03
-445.000E-09,-40.791453794E-03,-5.640743300E-03
-442.500E-09,-60.891956091E-03,-34.535215353E-03
-440.000E-09,-80.992458388E-03,-45.841747895E-03
-437.500E-09,-40.791453794E-03,-25.741245598E-03
-435.000E-09,-20.690951496E-03,-25.741245598E-03
-432.500E-09,-50.841704942E-03,-25.741245598E-03
-430.000E-09,-80.992458388E-03,-25.741245598E-03
-427.500E-09,-52.097986336E-03,-15.690994449E-03
-425.000E-09,-20.690951496E-03,-5.640743300E-03
-422.500E-09,-40.791453794E-03,-5.640743300E-03
-420.000E-09,-60.891956091E-03,-25.741245598E-03
-417.500E-09,-60.891956091E-03,-25.741245598E-03
-415.000E-09,-40.791453794E-03,-25.741245598E-03
-412.500E-09,-30.741202645E-03,-14.434713055E-03
-410.000E-09,-60.891956091E-03,-25.741245598E-03
-407.500E-09,-80.992458388E-03,-25.741245598E-03
-405.000E-09,-42.047735187E-03,-5.640743300E-03
-402.500E-09,-40.791453794E-03,+5.665789242E-03
-400.000E-09,-60.891956091E-03,-24.484964204E-03
-397.500E-09,-80.992458388E-03,-25.741245598E-03
-395.000E-09,-42.047735187E-03,-25.741245598E-03
-392.500E-09,-20.690951496E-03,-5.640743300E-03
-390.000E-09,-60.891956091E-03,-24.484964204E-03
-387.500E-09,-80.992458388E-03,-25.741245598E-03
-385.000E-09,-62.148237485E-03,-25.741245598E-03
-382.500E-09,-20.690951496E-03,-5.640743300E-03
-380.000E-09,-40.791453794E-03,-24.484964204E-03
-377.500E-09,-80.992458388E-03,-34.535215353E-03
-375.000E-09,-62.148237485E-03,-25.741245598E-03
-372.500E-09,-31.997484039E-03,-5.640743300E-03
-370.000E-09,-20.690951496E-03,-24.484964204E-03
-367.500E-09,-60.891956091E-03,-25.741245598E-03
-365.000E-09,-62.148237485E-03,-25.741245598E-03
-362.500E-09,-40.791453794E-03,-15.690994449E-03
-360.000E-09,-40.791453794E-03,-5.640743300E-03
-357.500E-09,-70.942207240E-03,-25.741245598E-03
-355.000E-09,-80.992458388E-03,-25.741245598E-03
-352.500E-09,-40.791453794E-03,-15.690994449E-03
-350.000E-09,-20.690951496E-03,-5.640743300E-03
-347.500E-09,-50.841704942E-03,-34.535215353E-03
-345.000E-09,-80.992458388E-03,-45.841747895E-03
-342.500E-09,-52.097986336E-03,-35.791496746E-03
-340.000E-09,-20.690951496E-03,-25.741245598E-03
-337.500E-09,-40.791453794E-03,-25.741245598E-03
-335.000E-09,-80.992458388E-03,-25.741245598E-03
-332.500E-09,-52.097986336E-03,-25.741245598E-03
-330.000E-09,-21.947232890E-03,-5.640743300E-03
-327.500E-09,-40.791453794E-03,-14.434713055E-03
-325.000E-09,-60.891956091E-03,-25.741245598E-03
-322.500E-09,-60.891956091E-03,-45.841747895E-03
-320.000E-09,-40.791453794E-03,-25.741245598E-03
-317.500E-09,-30.741202645E-03,-5.640743300E-03
-315.000E-09,-60.891956091E-03,-25.741245598E-03
-312.500E-09,-80.992458388E-03,-35.791496746E-03
-310.000E-09,-42.047735187E-03,-25.741245598E-03
-307.500E-09,-20.690951496E-03,-14.434713055E-03
-305.000E-09,-60.891956091E-03,-25.741245598E-03
-302.500E-09,-60.891956091E-03,-45.841747895E-03
-300.000E-09,-42.047735187E-03,-25.741245598E-03
-297.500E-09,-20.690951496E-03,-14.434713055E-03
-295.000E-09,-40.791453794E-03,-25.741245598E-03
-292.500E-09,-80.992458388E-03,-45.841747895E-03
-290.000E-09,-60.891956091E-03,-45.841747895E-03
-287.500E-09,-20.690951496E-03,-25.741245598E-03
-285.000E-09,-40.791453794E-03,-25.741245598E-03
-282.500E-09,-70.942207240E-03,-45.841747895E-03
-280.000E-09,-62.148237485E-03,-45.841747895E-03
-277.500E-09,-40.791453794E-03,-15.690994449E-03
-275.000E-09,-40.791453794E-03,-24.484964204E-03
-272.500E-09,-60.891956091E-03,-34.535215353E-03
-270.000E-09,-60.891956091E-03,-25.741245598E-03
-267.500E-09,-40.791453794E-03,-15.690994449E-03
-265.000E-09,-21.947232890E-03,-5.640743300E-03
-262.500E-09,-50.841704942E-03,-25.741245598E-03
-260.000E-09,-60.891956091E-03,-45.841747895E-03
-257.500E-09,-52.097986336E-03,-25.741245598E-03
-255.000E-09,-40.791453794E-03,-25.741245598E-03
-252.500E-09,-50.841704942E-03,-34.535215353E-03
-250.000E-09,-80.992458388E-03,-45.841747895E-03
-247.500E-09,-60.891956091E-03,-25.741245598E-03
-245.000E-09,-21.947232890E-03,-5.640743300E-03
-242.500E-09,-30.741202645E-03,-25.741245598E-03
-240.000E-09,-80.992458388E-03,-25.741245598E-03
-237.500E-09,-60.891956091E-03,-25.741245598E-03
-235.000E-09,-21.947232890E-03,-24.484964204E-03
-232.500E-09,-20.690951496E-03,-25.741245598E-03
-230.000E-09,-60.891956091E-03,-25.741245598E-03
-227.500E-09,-72.198488633E-03,-45.841747895E-03
-225.000E-09,-42.047735187E-03,-25.741245598E-03
-222.500E-09,-20.690951496E-03,-25.741245598E-03
-220.000E-09,-40.791453794E-03,-44.585466501E-03
-217.500E-09,-60.891956091E-03,-45.841747895E-03
-215.000E-09,-42.047735187E-03,-25.741245598E-03
-212.500E-09,-20.690951496E-03,-25.741245598E-03
-210.000E-09,-40.791453794E-03,-25.741245598E-03
-207.500E-09,-80.992458388E-03,-45.841747895E-03
-205.000E-09,-62.148237485E-03,-25.741245598E-03
-202.500E-09,-20.690951496E-03,-25.741245598E-03
-200.000E-09,-40.791453794E-03,-25.741245598E-03
-197.500E-09,-60.891956091E-03,-45.841747895E-03
-195.000E-09,-62.148237485E-03,-45.841747895E-03
-192.500E-09,-40.791453794E-03,-25.741245598E-03
-190.000E-09,-40.791453794E-03,-5.640743300E-03
-187.500E-09,-60.891956091E-03,-45.841747895E-03
-185.000E-09,-80.992458388E-03,-45.841747895E-03
-182.500E-09,-40.791453794E-03,-25.741245598E-03
-180.000E-09,-20.690951496E-03,-25.741245598E-03
-177.500E-09,-60.891956091E-03,-25.741245598E-03
-175.000E-09,-80.992458388E-03,-25.741245598E-03
-172.500E-09,-31.997484039E-03,-25.741245598E-03
-170.000E-09,-1.846730593E-03,-5.640743300E-03
-167.500E-09,-40.791453794E-03,-25.741245598E-03
-165.000E-09,-60.891956091E-03,-25.741245598E-03
-162.500E-09,-52.097986336E-03,-25.741245598E-03
-160.000E-09,-21.947232890E-03,-5.640743300E-03
-157.500E-09,-30.741202645E-03,-14.434713055E-03
-155.000E-09,-80.992458388E-03,-44.585466501E-03
-152.500E-09,-72.198488633E-03,-35.791496746E-03
-150.000E-09,-42.047735187E-03,-25.741245598E-03
-147.500E-09,-30.741202645E-03,-25.741245598E-03
-145.000E-09,-60.891956091E-03,-45.841747895E-03
-142.500E-09,-60.891956091E-03,-35.791496746E-03
-140.000E-09,-42.047735187E-03,-25.741245598E-03
-137.500E-09,-20.690951496E-03,-25.741245598E-03
-135.000E-09,-40.791453794E-03,-44.585466501E-03
-132.500E-09,-60.891956091E-03,-45.841747895E-03
-130.000E-09,-42.047735187E-03,-25.741245598E-03
-127.500E-09,-20.690951496E-03,-5.640743300E-03
-125.000E-09,-40.791453794E-03,-25.741245598E-03
-122.500E-09,-70.942207240E-03,-45.841747895E-03
-120.000E-09,-60.891956091E-03,-25.741245598E-03
-117.500E-09,-31.997484039E-03,-15.690994449E-03
-115.000E-09,-40.791453794E-03,-25.741245598E-03
-112.500E-09,-80.992458388E-03,-45.841747895E-03
-110.000E-09,-62.148237485E-03,-25.741245598E-03
-107.500E-09,-20.690951496E-03,-5.640743300E-03
-105.000E-09,-20.690951496E-03,-5.640743300E-03
-102.500E-09,-60.891956091E-03,-25.741245598E-03
-100.000E-09,-80.992458388E-03,-44.585466501E-03
-97.500E-09,-40.791453794E-03,-25.741245598E-03
-95.000E-09,-20.690951496E-03,-25.741245598E-03
-92.500E-09,-50.841704942E-03,-34.535215353E-03
-90.000E-09,-60.891956091E-03,-45.841747895E-03
-87.500E-09,-40.791453794E-03,-15.690994449E-03
-85.000E-09,-20.690951496E-03,-5.640743300E-03
-82.500E-09,-40.791453794E-03,-34.535215353E-03
-80.000E-09,-60.891956091E-03,-45.841747895E-03
-77.500E-09,-52.097986336E-03,-25.741245598E-03
-75.000E-09,-20.690951496E-03,-5.640743300E-03
-72.500E-09,-40.791453794E-03,-25.741245598E-03
-70.000E-09,-80.992458388E-03,-25.741245598E-03
-67.500E-09,-72.198488633E-03,-35.791496746E-03
-65.000E-09,-40.791453794E-03,-25.741245598E-03
-62.500E-09,-30.741202645E-03,-14.434713055E-03
-60.000E-09,-60.891956091E-03,-44.585466501E-03
-57.500E-09,-72.198488633E-03,-45.841747895E-03
-55.000E-09,-21.947232890E-03,-25.741245598E-03
-52.500E-09,-20.690951496E-03,-25.741245598E-03
-50.000E-09,-60.891956091E-03,-44.585466501E-03
-47.500E-09,-60.891956091E-03,-45.841747895E-03
-45.000E-09,-42.047735187E-03,-5.640743300E-03
-42.500E-09,-20.690951496E-03,-5.640743300E-03
-40.000E-09,-40.791453794E-03,-25.741245598E-03
-37.500E-09,-80.992458388E-03,-45.841747895E-03
-35.000E-09,-42.047735187E-03,-25.741245598E-03
-32.500E-09,-20.690951496E-03,-15.690994449E-03
-30.000E-09,-40.791453794E-03,-24.484964204E-03
-27.500E-09,-40.791453794E-03,-45.841747895E-03
-25.000E-09,-21.947232890E-03,-45.841747895E-03
-22.500E-09,+68.505027448E-03,-25.741245598E-03
-20.000E-09,+118.756283191E-03,-25.741245598E-03
-17.500E-09,+148.907036637E-03,-45.841747895E-03
-15.000E-09,+239.359296975E-03,-45.841747895E-03
-12.500E-09,+359.962310758E-03,-25.741245598E-03
-10.000E-09,+460.464822245E-03,-5.640743300E-03
-7.500E-09,+490.615575691E-03,-25.741245598E-03
-5.000E-09,+520.766329137E-03,-25.741245598E-03
-2.500E-09,+591.118087177E-03,-25.741245598E-03
-0.0E+00,+622.525122017E-03,-5.640743300E-03
+2.500E-09,+612.474870868E-03,-25.741245598E-03
+5.000E-09,+582.324117422E-03,-45.841747895E-03
+7.500E-09,+611.218589474E-03,-25.741245598E-03
+10.000E-09,+642.625624314E-03,-5.640743300E-03
+12.500E-09,+642.625624314E-03,-25.741245598E-03
+15.000E-09,+602.424619719E-03,-45.841747895E-03
+17.500E-09,+611.218589474E-03,-35.791496746E-03
+20.000E-09,+642.625624314E-03,-25.741245598E-03
+22.500E-09,+612.474870868E-03,-25.741245598E-03
+25.000E-09,+542.123112828E-03,-25.741245598E-03
+27.500E-09,+511.972359382E-03,-25.741245598E-03
+30.000E-09,+481.821605936E-03,-5.640743300E-03
+32.500E-09,+421.520099044E-03,-14.434713055E-03
+35.000E-09,+300.917085260E-03,-44.585466501E-03
+37.500E-09,+200.414573774E-03,-45.841747895E-03
+40.000E-09,+140.113066882E-03,-25.741245598E-03
+42.500E-09,+89.861811139E-03,-5.640743300E-03
+45.000E-09,+19.510053098E-03,-25.741245598E-03
+47.500E-09,-40.791453794E-03,-45.841747895E-03
+50.000E-09,-21.947232890E-03,-25.741245598E-03
+52.500E-09,-590.449199E-06,+4.409507848E-03
+55.000E-09,-20.690951496E-03,+34.560261294E-03
+57.500E-09,-60.891956091E-03,+94.861768186E-03
+60.000E-09,-42.047735187E-03,+175.263777375E-03
+62.500E-09,-20.690951496E-03,+315.967293456E-03
+65.000E-09,-20.690951496E-03,+456.670809537E-03
+67.500E-09,-50.841704942E-03,+597.374325618E-03
+70.000E-09,-60.891956091E-03,+758.178343996E-03
+72.500E-09,-20.690951496E-03,+929.032613523E-03
+75.000E-09,-590.449199E-06,+1.059685878456E+00
+77.500E-09,-40.791453794E-03,+1.130037636496E+00
+80.000E-09,-60.891956091E-03,+1.200389394537E+00
+82.500E-09,-20.690951496E-03,+1.250640650280E+00
+85.000E-09,-590.449199E-06,+1.280791403726E+00
+87.500E-09,-30.741202645E-03,+1.280791403726E+00
+90.000E-09,-60.891956091E-03,+1.280791403726E+00
+92.500E-09,-31.997484039E-03,+1.290841654874E+00
+95.000E-09,-1.846730593E-03,+1.320992408320E+00
+97.500E-09,-30.741202645E-03,+1.312198438565E+00
+100.000E-09,-60.891956091E-03,+1.282047685119E+00
+102.500E-09,-40.791453794E-03,+1.280791403726E+00
+105.000E-09,-20.690951496E-03,+1.261947182822E+00
+107.500E-09,-30.741202645E-03,+1.181545173633E+00
+110.000E-09,-60.891956091E-03,+1.081042662147E+00
+112.500E-09,-60.891956091E-03,+960.439648363E-03
+115.000E-09,-21.947232890E-03,+839.836634579E-03
+117.500E-09,-30.741202645E-03,+679.032616201E-03
+120.000E-09,-60.891956091E-03,+478.027593228E-03
+122.500E-09,-72.198488633E-03,+337.324077147E-03
+125.000E-09,-40.791453794E-03,+236.821565661E-03
+127.500E-09,-20.690951496E-03,+146.369305323E-03
+130.000E-09,-60.891956091E-03,+76.017547282E-03
+132.500E-09,-60.891956091E-03,+34.560261294E-03
+135.000E-09,-21.947232890E-03,+34.560261294E-03
+137.500E-09,+48.404525151E-03,+34.560261294E-03
+140.000E-09,+78.555278596E-03,+14.459758997E-03
+142.500E-09,+88.605529745E-03,-5.640743300E-03
+145.000E-09,+158.957287786E-03,+14.459758997E-03
+147.500E-09,+279.560301569E-03,+14.459758997E-03
+150.000E-09,+339.861808461E-03,+14.459758997E-03
+152.500E-09,+370.012561907E-03,-5.640743300E-03
+155.000E-09,+420.263817650E-03,-5.640743300E-03
+157.500E-09,+510.716077988E-03,+14.459758997E-03
+160.000E-09,+542.123112828E-03,+14.459758997E-03
+162.500E-09,+532.072861679E-03,-5.640743300E-03
+165.000E-09,+540.866831434E-03,-5.640743300E-03
+167.500E-09,+571.017584880E-03,+14.459758997E-03
+170.000E-09,+582.324117422E-03,+14.459758997E-03
+172.500E-09,+552.173363976E-03,-5.640743300E-03
+175.000E-09,+542.123112828E-03,-5.640743300E-03
+177.500E-09,+571.017584880E-03,+4.409507848E-03
+180.000E-09,+601.168338326E-03,+14.459758997E-03
+182.500E-09,+562.223615125E-03,+5.665789242E-03
+185.000E-09,+522.022610530E-03,-5.640743300E-03
+187.500E-09,+501.922108233E-03,-5.640743300E-03
+190.000E-09,+481.821605936E-03,-5.640743300E-03
+192.500E-09,+421.520099044E-03,-5.640743300E-03
+195.000E-09,+321.017587557E-03,-25.741245598E-03
+197.500E-09,+270.766331814E-03,-25.741245598E-03
+200.000E-09,+220.515076071E-03,-5.640743300E-03
+202.500E-09,+160.213569179E-03,-5.640743300E-03
+205.000E-09,+79.811559990E-03,-25.741245598E-03
+207.500E-09,+19.510053098E-03,-25.741245598E-03
+210.000E-09,+19.510053098E-03,-5.640743300E-03
+212.500E-09,+19.510053098E-03,+5.665789242E-03
+215.000E-09,-20.690951496E-03,-24.484964204E-03
+217.500E-09,-40.791453794E-03,-15.690994449E-03
+220.000E-09,-21.947232890E-03,+14.459758997E-03
+222.500E-09,-590.449199E-06,+34.560261294E-03
+225.000E-09,-20.690951496E-03,+15.716040391E-03
+227.500E-09,-40.791453794E-03,+14.459758997E-03
+230.000E-09,-21.947232890E-03,+34.560261294E-03
+232.500E-09,-590.449199E-06,+45.866793836E-03
+235.000E-09,-20.690951496E-03,+34.560261294E-03
+237.500E-09,-40.791453794E-03,+14.459758997E-03
+240.000E-09,-40.791453794E-03,+14.459758997E-03
+242.500E-09,-11.896981741E-03,+5.665789242E-03
+245.000E-09,-590.449199E-06,-24.484964204E-03
+247.500E-09,-30.741202645E-03,-25.741245598E-03
+250.000E-09,-40.791453794E-03,-25.741245598E-03
+252.500E-09,-11.896981741E-03,-25.741245598E-03
+255.000E-09,-590.449199E-06,-25.741245598E-03
+257.500E-09,-40.791453794E-03,-45.841747895E-03
+260.000E-09,-42.047735187E-03,-64.685968799E-03
+262.500E-09,-31.997484039E-03,-45.841747895E-03
+265.000E-09,-20.690951496E-03,-44.585466501E-03
+267.500E-09,-30.741202645E-03,-54.635717650E-03
+270.000E-09,-60.891956091E-03,-86.042752489E-03
+272.500E-09,-52.097986336E-03,-86.042752489E-03
+275.000E-09,-20.690951496E-03,-84.786471096E-03
+277.500E-09,-30.741202645E-03,-94.836722245E-03
+280.000E-09,-60.891956091E-03,-106.143254787E-03
+282.500E-09,-52.097986336E-03,-96.093003638E-03
+285.000E-09,-1.846730593E-03,-86.042752489E-03
+287.500E-09,-20.690951496E-03,-65.942250192E-03
+290.000E-09,-40.791453794E-03,-65.942250192E-03
+292.500E-09,-52.097986336E-03,-65.942250192E-03
+295.000E-09,-21.947232890E-03,-45.841747895E-03
+297.500E-09,-20.690951496E-03,-25.741245598E-03
+300.000E-09,-40.791453794E-03,-45.841747895E-03
+302.500E-09,-60.891956091E-03,-45.841747895E-03
+305.000E-09,-21.947232890E-03,-45.841747895E-03
+307.500E-09,+19.510053098E-03,-34.535215353E-03
+310.000E-09,-20.690951496E-03,-45.841747895E-03
+312.500E-09,-40.791453794E-03,-45.841747895E-03
+315.000E-09,-21.947232890E-03,-45.841747895E-03
+317.500E-09,-590.449199E-06,-25.741245598E-03
+320.000E-09,-20.690951496E-03,-44.585466501E-03
+322.500E-09,-60.891956091E-03,-45.841747895E-03
+325.000E-09,-60.891956091E-03,-45.841747895E-03
+327.500E-09,-31.997484039E-03,-25.741245598E-03
+330.000E-09,-40.791453794E-03,-25.741245598E-03
+332.500E-09,-70.942207240E-03,-45.841747895E-03
+335.000E-09,-80.992458388E-03,-45.841747895E-03
+337.500E-09,-40.791453794E-03,-25.741245598E-03
+340.000E-09,-40.791453794E-03,-25.741245598E-03
+342.500E-09,-70.942207240E-03,-45.841747895E-03
+345.000E-09,-80.992458388E-03,-45.841747895E-03
+347.500E-09,-52.097986336E-03,-25.741245598E-03
+350.000E-09,-40.791453794E-03,-25.741245598E-03
+352.500E-09,-70.942207240E-03,-34.535215353E-03
+355.000E-09,-101.092960685E-03,-25.741245598E-03
+357.500E-09,-80.992458388E-03,-25.741245598E-03
+360.000E-09,-60.891956091E-03,-5.640743300E-03
+362.500E-09,-80.992458388E-03,-25.741245598E-03
+365.000E-09,-101.092960685E-03,-44.585466501E-03
+367.500E-09,-92.298990930E-03,-35.791496746E-03
+370.000E-09,-42.047735187E-03,-5.640743300E-03
+372.500E-09,-40.791453794E-03,-25.741245598E-03
+375.000E-09,-80.992458388E-03,-44.585466501E-03
+377.500E-09,-72.198488633E-03,-25.741245598E-03
+380.000E-09,-42.047735187E-03,-5.640743300E-03
+382.500E-09,-30.741202645E-03,-14.434713055E-03
+385.000E-09,-60.891956091E-03,-44.585466501E-03
+387.500E-09,-80.992458388E-03,-45.841747895E-03
+390.000E-09,-42.047735187E-03,-25.741245598E-03
+392.500E-09,-20.690951496E-03,-25.741245598E-03
+395.000E-09,-60.891956091E-03,-25.741245598E-03
+397.500E-09,-80.992458388E-03,-45.841747895E-03
+400.000E-09,-42.047735187E-03,-25.741245598E-03
+402.500E-09,-40.791453794E-03,-5.640743300E-03
+405.000E-09,-60.891956091E-03,-24.484964204E-03
+407.500E-09,-80.992458388E-03,-34.535215353E-03
+410.000E-09,-62.148237485E-03,-25.741245598E-03
+412.500E-09,-31.997484039E-03,-15.690994449E-03
+415.000E-09,-40.791453794E-03,-24.484964204E-03
+417.500E-09,-70.942207240E-03,-25.741245598E-03
+420.000E-09,-62.148237485E-03,-25.741245598E-03
+422.500E-09,-31.997484039E-03,-5.640743300E-03
+425.000E-09,-40.791453794E-03,-5.640743300E-03
+427.500E-09,-60.891956091E-03,-34.535215353E-03
+430.000E-09,-80.992458388E-03,-45.841747895E-03
+432.500E-09,-52.097986336E-03,-15.690994449E-03
+435.000E-09,-20.690951496E-03,-5.640743300E-03
+437.500E-09,-50.841704942E-03,-25.741245598E-03
+440.000E-09,-80.992458388E-03,-45.841747895E-03
+442.500E-09,-52.097986336E-03,-15.690994449E-03
+445.000E-09,-20.690951496E-03,-24.484964204E-03
+447.500E-09,-50.841704942E-03,-25.741245598E-03
+450.000E-09,-80.992458388E-03,-25.741245598E-03
+452.500E-09,-60.891956091E-03,-25.741245598E-03
+455.000E-09,-40.791453794E-03,-5.640743300E-03
+457.500E-09,-50.841704942E-03,-25.741245598E-03
+460.000E-09,-80.992458388E-03,-44.585466501E-03
+462.500E-09,-72.198488633E-03,-35.791496746E-03
+465.000E-09,-40.791453794E-03,-25.741245598E-03
+467.500E-09,-40.791453794E-03,-25.741245598E-03
+470.000E-09,-60.891956091E-03,-45.841747895E-03
+472.500E-09,-80.992458388E-03,-35.791496746E-03
+475.000E-09,-42.047735187E-03,-5.640743300E-03
+477.500E-09,-20.690951496E-03,-25.741245598E-03
+480.000E-09,-60.891956091E-03,-25.741245598E-03
+482.500E-09,-80.992458388E-03,-25.741245598E-03
+485.000E-09,-42.047735187E-03,-25.741245598E-03
+487.500E-09,-40.791453794E-03,-5.640743300E-03
+490.000E-09,-60.891956091E-03,-25.741245598E-03
+492.500E-09,-70.942207240E-03,-45.841747895E-03
+495.000E-09,-60.891956091E-03,-25.741245598E-03
+497.500E-09,-40.791453794E-03,-15.690994449E-03
+500.000E-09,-40.791453794E-03,-25.741245598E-03
+502.500E-09,-70.942207240E-03,-45.841747895E-03
+505.000E-09,-62.148237485E-03,-45.841747895E-03
+507.500E-09,-31.997484039E-03,-25.741245598E-03
+510.000E-09,-20.690951496E-03,-25.741245598E-03
+512.500E-09,-60.891956091E-03,-45.841747895E-03
+515.000E-09,-60.891956091E-03,-25.741245598E-03
+517.500E-09,-31.997484039E-03,-5.640743300E-03
+520.000E-09,-20.690951496E-03,-5.640743300E-03
+522.500E-09,-50.841704942E-03,-25.741245598E-03
+525.000E-09,-80.992458388E-03,-25.741245598E-03
+527.500E-09,-52.097986336E-03,-25.741245598E-03
+530.000E-09,-21.947232890E-03,-25.741245598E-03
+532.500E-09,-50.841704942E-03,-34.535215353E-03
+535.000E-09,-80.992458388E-03,-45.841747895E-03
+537.500E-09,-52.097986336E-03,-25.741245598E-03
+540.000E-09,-21.947232890E-03,-5.640743300E-03
+542.500E-09,-50.841704942E-03,-25.741245598E-03
+545.000E-09,-80.992458388E-03,-25.741245598E-03
+547.500E-09,-60.891956091E-03,-25.741245598E-03
+550.000E-09,-21.947232890E-03,-5.640743300E-03
+552.500E-09,-30.741202645E-03,-5.640743300E-03
+555.000E-09,-60.891956091E-03,-25.741245598E-03
+557.500E-09,-72.198488633E-03,-35.791496746E-03
+560.000E-09,-42.047735187E-03,-25.741245598E-03
+562.500E-09,-30.741202645E-03,-25.741245598E-03
+565.000E-09,-60.891956091E-03,-44.585466501E-03
+567.500E-09,-80.992458388E-03,-45.841747895E-03
+570.000E-09,-42.047735187E-03,-25.741245598E-03
+572.500E-09,-20.690951496E-03,-14.434713055E-03
+575.000E-09,-40.791453794E-03,-25.741245598E-03
+577.500E-09,-60.891956091E-03,-45.841747895E-03
+580.000E-09,-60.891956091E-03,-25.741245598E-03
+582.500E-09,-31.997484039E-03,-5.640743300E-03
+585.000E-09,-40.791453794E-03,-5.640743300E-03
+587.500E-09,-80.992458388E-03,-25.741245598E-03
+590.000E-09,-60.891956091E-03,-25.741245598E-03
+592.500E-09,-31.997484039E-03,-5.640743300E-03
+595.000E-09,-40.791453794E-03,-5.640743300E-03
+597.500E-09,-70.942207240E-03,-34.535215353E-03
+600.000E-09,-62.148237485E-03,-25.741245598E-03
+602.500E-09,-40.791453794E-03,-15.690994449E-03
+605.000E-09,-40.791453794E-03,-25.741245598E-03
+607.500E-09,-70.942207240E-03,-45.841747895E-03
+610.000E-09,-80.992458388E-03,-25.741245598E-03
+612.500E-09,-52.097986336E-03,-25.741245598E-03
+615.000E-09,-20.690951496E-03,-25.741245598E-03
+617.500E-09,-50.841704942E-03,-25.741245598E-03
+620.000E-09,-60.891956091E-03,-45.841747895E-03
+622.500E-09,-52.097986336E-03,-35.791496746E-03
+625.000E-09,-21.947232890E-03,-5.640743300E-03
+627.500E-09,-30.741202645E-03,-14.434713055E-03
+630.000E-09,-60.891956091E-03,-44.585466501E-03
+632.500E-09,-60.891956091E-03,-25.741245598E-03
+635.000E-09,-21.947232890E-03,-5.640743300E-03
+637.500E-09,-30.741202645E-03,-25.741245598E-03
+640.000E-09,-60.891956091E-03,-44.585466501E-03
+642.500E-09,-72.198488633E-03,-25.741245598E-03
+645.000E-09,-40.791453794E-03,-5.640743300E-03
+647.500E-09,-30.741202645E-03,-5.640743300E-03
+650.000E-09,-60.891956091E-03,-24.484964204E-03
+652.500E-09,-80.992458388E-03,-25.741245598E-03
+655.000E-09,-60.891956091E-03,-25.741245598E-03
+657.500E-09,-20.690951496E-03,-5.640743300E-03
+660.000E-09,-40.791453794E-03,-25.741245598E-03
+662.500E-09,-80.992458388E-03,-45.841747895E-03
+665.000E-09,-60.891956091E-03,-25.741245598E-03
+667.500E-09,-20.690951496E-03,-5.640743300E-03
+670.000E-09,-40.791453794E-03,-25.741245598E-03
+672.500E-09,-80.992458388E-03,-45.841747895E-03
+675.000E-09,-62.148237485E-03,-25.741245598E-03
+677.500E-09,-20.690951496E-03,-5.640743300E-03
+680.000E-09,-40.791453794E-03,-5.640743300E-03
+682.500E-09,-70.942207240E-03,-25.741245598E-03
+685.000E-09,-62.148237485E-03,-25.741245598E-03
+687.500E-09,-31.997484039E-03,-5.640743300E-03
+690.000E-09,-20.690951496E-03,-5.640743300E-03
+692.500E-09,-60.891956091E-03,-34.535215353E-03
+695.000E-09,-80.992458388E-03,-25.741245598E-03
+697.500E-09,-52.097986336E-03,-15.690994449E-03
+700.000E-09,-20.690951496E-03,-5.640743300E-03
+702.500E-09,-50.841704942E-03,-25.741245598E-03
+705.000E-09,-80.992458388E-03,-25.741245598E-03
+707.500E-09,-52.097986336E-03,-25.741245598E-03
+710.000E-09,-21.947232890E-03,-5.640743300E-03
+712.500E-09,-50.841704942E-03,-5.640743300E-03
+715.000E-09,-80.992458388E-03,-24.484964204E-03
+717.500E-09,-60.891956091E-03,-25.741245598E-03
+720.000E-09,-40.791453794E-03,-25.741245598E-03
+722.500E-09,-30.741202645E-03,-25.741245598E-03
+725.000E-09,-60.891956091E-03,-45.841747895E-03
+727.500E-09,-60.891956091E-03,-35.791496746E-03
+730.000E-09,-40.791453794E-03,-5.640743300E-03
+732.500E-09,-20.690951496E-03,-14.434713055E-03
+735.000E-09,-60.891956091E-03,-25.741245598E-03
+737.500E-09,-80.992458388E-03,-25.741245598E-03
+740.000E-09,-42.047735187E-03,-5.640743300E-03
+742.500E-09,-30.741202645E-03,-14.434713055E-03
+745.000E-09,-60.891956091E-03,-25.741245598E-03
+747.500E-09,-80.992458388E-03,-25.741245598E-03
+750.000E-09,-42.047735187E-03,-25.741245598E-03
+752.500E-09,-20.690951496E-03,-14.434713055E-03
+755.000E-09,-40.791453794E-03,-25.741245598E-03
+757.500E-09,-60.891956091E-03,-25.741245598E-03
+760.000E-09,-42.047735187E-03,-25.741245598E-03
+762.500E-09,-20.690951496E-03,-5.640743300E-03
+765.000E-09,-40.791453794E-03,-24.484964204E-03
+767.500E-09,-70.942207240E-03,-25.741245598E-03
+770.000E-09,-62.148237485E-03,-25.741245598E-03
+772.500E-09,-31.997484039E-03,-5.640743300E-03
+775.000E-09,-40.791453794E-03,-5.640743300E-03
+777.500E-09,-50.841704942E-03,-25.741245598E-03
+780.000E-09,-60.891956091E-03,-25.741245598E-03
+782.500E-09,-40.791453794E-03,-15.690994449E-03
+785.000E-09,-40.791453794E-03,-5.640743300E-03
+787.500E-09,-50.841704942E-03,-34.535215353E-03
+790.000E-09,-60.891956091E-03,-45.841747895E-03
+792.500E-09,-52.097986336E-03,-15.690994449E-03
+795.000E-09,-20.690951496E-03,-5.640743300E-03
+797.500E-09,-50.841704942E-03,-25.741245598E-03
+800.000E-09,-80.992458388E-03,-44.585466501E-03
+802.500E-09,-52.097986336E-03,-25.741245598E-03
+805.000E-09,-21.947232890E-03,-5.640743300E-03
+807.500E-09,-40.791453794E-03,-25.741245598E-03
+810.000E-09,-80.992458388E-03,-44.585466501E-03
+812.500E-09,-72.198488633E-03,-25.741245598E-03
+815.000E-09,-42.047735187E-03,-5.640743300E-03
+817.500E-09,-30.741202645E-03,-5.640743300E-03
+820.000E-09,-60.891956091E-03,-25.741245598E-03
+822.500E-09,-72.198488633E-03,-35.791496746E-03
+825.000E-09,-42.047735187E-03,-5.640743300E-03
+827.500E-09,-20.690951496E-03,-5.640743300E-03
+830.000E-09,-60.891956091E-03,-25.741245598E-03
+832.500E-09,-72.198488633E-03,-25.741245598E-03
+835.000E-09,-42.047735187E-03,-25.741245598E-03
+837.500E-09,-20.690951496E-03,-14.434713055E-03
+840.000E-09,-60.891956091E-03,-25.741245598E-03
+842.500E-09,-80.992458388E-03,-45.841747895E-03
+845.000E-09,-60.891956091E-03,-25.741245598E-03
+847.500E-09,-20.690951496E-03,-5.640743300E-03
+850.000E-09,-40.791453794E-03,-24.484964204E-03
+852.500E-09,-60.891956091E-03,-45.841747895E-03
+855.000E-09,-60.891956091E-03,-45.841747895E-03
+857.500E-09,-31.997484039E-03,-25.741245598E-03
+860.000E-09,-20.690951496E-03,-24.484964204E-03
+862.500E-09,-70.942207240E-03,-45.841747895E-03
+865.000E-09,-80.992458388E-03,-45.841747895E-03
+867.500E-09,-40.791453794E-03,-25.741245598E-03
+870.000E-09,-20.690951496E-03,-25.741245598E-03
+872.500E-09,-70.942207240E-03,-34.535215353E-03
+875.000E-09,-80.992458388E-03,-45.841747895E-03
+877.500E-09,-60.891956091E-03,-25.741245598E-03
+880.000E-09,-40.791453794E-03,-5.640743300E-03
+882.500E-09,-50.841704942E-03,-25.741245598E-03
+885.000E-09,-80.992458388E-03,-44.585466501E-03
+887.500E-09,-60.891956091E-03,-25.741245598E-03
+890.000E-09,-21.947232890E-03,-5.640743300E-03
+892.500E-09,-30.741202645E-03,-14.434713055E-03
+895.000E-09,-80.992458388E-03,-25.741245598E-03
+897.500E-09,-72.198488633E-03,-25.741245598E-03
+900.000E-09,-42.047735187E-03,-5.640743300E-03
+902.500E-09,-40.791453794E-03,-14.434713055E-03
+905.000E-09,-60.891956091E-03,-44.585466501E-03
+907.500E-09,-60.891956091E-03,-45.841747895E-03
+910.000E-09,-21.947232890E-03,-25.741245598E-03
+912.500E-09,-20.690951496E-03,-25.741245598E-03
+915.000E-09,-40.791453794E-03,-44.585466501E-03
+917.500E-09,-60.891956091E-03,-35.791496746E-03
+920.000E-09,-42.047735187E-03,-25.741245598E-03
+922.500E-09,-20.690951496E-03,-14.434713055E-03
+925.000E-09,-40.791453794E-03,-44.585466501E-03
+927.500E-09,-80.992458388E-03,-45.841747895E-03
+930.000E-09,-42.047735187E-03,-25.741245598E-03
+932.500E-09,-11.896981741E-03,-25.741245598E-03
+935.000E-09,-20.690951496E-03,-25.741245598E-03
+937.500E-09,-70.942207240E-03,-45.841747895E-03
+940.000E-09,-62.148237485E-03,-45.841747895E-03
+942.500E-09,-31.997484039E-03,-5.640743300E-03
+945.000E-09,-40.791453794E-03,-5.640743300E-03
+947.500E-09,-60.891956091E-03,-34.535215353E-03
+950.000E-09,-62.148237485E-03,-45.841747895E-03
+952.500E-09,-31.997484039E-03,-25.741245598E-03
+955.000E-09,-20.690951496E-03,-5.640743300E-03
+957.500E-09,-60.891956091E-03,-34.535215353E-03
+960.000E-09,-80.992458388E-03,-45.841747895E-03
+962.500E-09,-52.097986336E-03,-25.741245598E-03
+965.000E-09,-20.690951496E-03,-5.640743300E-03
+967.500E-09,-50.841704942E-03,-34.535215353E-03
+970.000E-09,-80.992458388E-03,-45.841747895E-03
+972.500E-09,-60.891956091E-03,-25.741245598E-03
+975.000E-09,-40.791453794E-03,-5.640743300E-03
+977.500E-09,-50.841704942E-03,-25.741245598E-03
+980.000E-09,-80.992458388E-03,-45.841747895E-03
+982.500E-09,-60.891956091E-03,-45.841747895E-03
+985.000E-09,-21.947232890E-03,-25.741245598E-03
+987.500E-09,-30.741202645E-03,-25.741245598E-03
+990.000E-09,-60.891956091E-03,-44.585466501E-03
+992.500E-09,-60.891956091E-03,-45.841747895E-03
+995.000E-09,-40.791453794E-03,-25.741245598E-03
+997.500E-09,-30.741202645E-03,-5.640743300E-03
+1.000000E-06,-60.891956091E-03,-25.741245598E-03
+1.002500E-06,-72.198488633E-03,-45.841747895E-03
+1.005000E-06,-42.047735187E-03,-25.741245598E-03
+1.007500E-06,-20.690951496E-03,-14.434713055E-03
+1.010000E-06,-40.791453794E-03,-25.741245598E-03
+1.012500E-06,-60.891956091E-03,-25.741245598E-03
+1.015000E-06,-60.891956091E-03,-25.741245598E-03
+1.017500E-06,-20.690951496E-03,-15.690994449E-03
+1.020000E-06,-40.791453794E-03,-25.741245598E-03
+1.022500E-06,-80.992458388E-03,-45.841747895E-03
+1.025000E-06,-62.148237485E-03,-25.741245598E-03
+1.027500E-06,-31.997484039E-03,-14.434713055E-03
+1.030000E-06,-40.791453794E-03,-25.741245598E-03
+1.032500E-06,-70.942207240E-03,-45.841747895E-03
+1.035000E-06,-62.148237485E-03,-25.741245598E-03
+1.037500E-06,-31.997484039E-03,-15.690994449E-03
+1.040000E-06,-40.791453794E-03,-25.741245598E-03
+1.042500E-06,-60.891956091E-03,-45.841747895E-03
+1.045000E-06,-62.148237485E-03,-64.685968799E-03
+1.047500E-06,-40.791453794E-03,-35.791496746E-03
+1.050000E-06,-20.690951496E-03,-25.741245598E-03
+1.052500E-06,-50.841704942E-03,-45.841747895E-03
+1.055000E-06,-80.992458388E-03,-45.841747895E-03
+1.057500E-06,-52.097986336E-03,-25.741245598E-03
+1.060000E-06,-20.690951496E-03,-5.640743300E-03
+1.062500E-06,-50.841704942E-03,-25.741245598E-03
+1.065000E-06,-80.992458388E-03,-25.741245598E-03
+1.067500E-06,-60.891956091E-03,-25.741245598E-03
+1.070000E-06,-21.947232890E-03,-5.640743300E-03
+1.072500E-06,-30.741202645E-03,-25.741245598E-03
+1.075000E-06,-60.891956091E-03,-44.585466501E-03
+1.077500E-06,-72.198488633E-03,-45.841747895E-03
+1.080000E-06,-21.947232890E-03,-25.741245598E-03
+1.082500E-06,-20.690951496E-03,-25.741245598E-03
+1.085000E-06,-60.891956091E-03,-44.585466501E-03
+1.087500E-06,-72.198488633E-03,-35.791496746E-03
+1.090000E-06,-42.047735187E-03,-25.741245598E-03
+1.092500E-06,-20.690951496E-03,-25.741245598E-03
+1.095000E-06,-60.891956091E-03,-45.841747895E-03
+1.097500E-06,-60.891956091E-03,-55.891999044E-03
+1.100000E-06,-42.047735187E-03,-25.741245598E-03
+1.102500E-06,-20.690951496E-03,-25.741245598E-03
+1.105000E-06,-40.791453794E-03,-25.741245598E-03
+1.107500E-06,-60.891956091E-03,-45.841747895E-03
+1.110000E-06,-42.047735187E-03,-45.841747895E-03
+1.112500E-06,-20.690951496E-03,-25.741245598E-03
+1.115000E-06,-40.791453794E-03,-24.484964204E-03
+1.117500E-06,-60.891956091E-03,-45.841747895E-03
+1.120000E-06,-60.891956091E-03,-45.841747895E-03
+1.122500E-06,-31.997484039E-03,-5.640743300E-03
+1.125000E-06,-40.791453794E-03,-5.640743300E-03
+1.127500E-06,-60.891956091E-03,-34.535215353E-03
+1.130000E-06,-60.891956091E-03,-25.741245598E-03
+1.132500E-06,-31.997484039E-03,-5.640743300E-03
+1.135000E-06,-20.690951496E-03,-5.640743300E-03
+1.137500E-06,-50.841704942E-03,-14.434713055E-03
+1.140000E-06,-80.992458388E-03,-25.741245598E-03
+1.142500E-06,-40.791453794E-03,-15.690994449E-03
+1.145000E-06,-20.690951496E-03,-5.640743300E-03
+1.147500E-06,-50.841704942E-03,-25.741245598E-03
+1.150000E-06,-80.992458388E-03,-45.841747895E-03
+1.152500E-06,-52.097986336E-03,-25.741245598E-03
+1.155000E-06,-21.947232890E-03,-5.640743300E-03
+1.157500E-06,-30.741202645E-03,-25.741245598E-03
+1.160000E-06,-80.992458388E-03,-44.585466501E-03
+1.162500E-06,-60.891956091E-03,-25.741245598E-03
+1.165000E-06,-21.947232890E-03,-25.741245598E-03
+1.167500E-06,-30.741202645E-03,-25.741245598E-03
+1.170000E-06,-60.891956091E-03,-25.741245598E-03
+1.172500E-06,-52.097986336E-03,-25.741245598E-03
+1.175000E-06,-21.947232890E-03,-5.640743300E-03
+1.177500E-06,-10.640700348E-03,-5.640743300E-03
+1.180000E-06,-40.791453794E-03,-25.741245598E-03
+1.182500E-06,-60.891956091E-03,-45.841747895E-03
+1.185000E-06,-42.047735187E-03,-25.741245598E-03
+1.187500E-06,-20.690951496E-03,-5.640743300E-03
+1.190000E-06,-40.791453794E-03,-24.484964204E-03
+1.192500E-06,-80.992458388E-03,-25.741245598E-03
+1.195000E-06,-60.891956091E-03,-25.741245598E-03
+1.197500E-06,-20.690951496E-03,-5.640743300E-03
+1.200000E-06,-40.791453794E-03,-24.484964204E-03
+1.202500E-06,-70.942207240E-03,-25.741245598E-03
+1.205000E-06,-60.891956091E-03,-25.741245598E-03
+1.207500E-06,-20.690951496E-03,-5.640743300E-03
+1.210000E-06,-20.690951496E-03,-5.640743300E-03
+1.212500E-06,-60.891956091E-03,-25.741245598E-03
+1.215000E-06,-60.891956091E-03,-44.585466501E-03
+1.217500E-06,-31.997484039E-03,-15.690994449E-03
+1.220000E-06,-20.690951496E-03,-5.640743300E-03
+1.222500E-06,-50.841704942E-03,-34.535215353E-03
+1.225000E-06,-80.992458388E-03,-45.841747895E-03
+1.227500E-06,-52.097986336E-03,-25.741245598E-03
+1.230000E-06,-20.690951496E-03,-5.640743300E-03
+1.232500E-06,-50.841704942E-03,-25.741245598E-03
+1.235000E-06,-80.992458388E-03,-45.841747895E-03
+1.237500E-06,-60.891956091E-03,-35.791496746E-03
+1.240000E-06,-21.947232890E-03,-5.640743300E-03
+1.242500E-06,-40.791453794E-03,-25.741245598E-03
+1.245000E-06,-60.891956091E-03,-45.841747895E-03
+1.247500E-06,-52.097986336E-03,-25.741245598E-03
+1.250000E-06,-21.947232890E-03,-5.640743300E-03
+1.252500E-06,-30.741202645E-03,-14.434713055E-03
+1.255000E-06,-80.992458388E-03,-25.741245598E-03
+1.257500E-06,-72.198488633E-03,-25.741245598E-03
+1.260000E-06,-21.947232890E-03,-25.741245598E-03
+1.262500E-06,-20.690951496E-03,-14.434713055E-03
+1.265000E-06,-60.891956091E-03,-25.741245598E-03
+1.267500E-06,-60.891956091E-03,-45.841747895E-03
+1.270000E-06,-42.047735187E-03,-25.741245598E-03
+1.272500E-06,-20.690951496E-03,-25.741245598E-03
+1.275000E-06,-40.791453794E-03,-25.741245598E-03
+1.277500E-06,-60.891956091E-03,-45.841747895E-03
+1.280000E-06,-42.047735187E-03,-25.741245598E-03
+1.282500E-06,-20.690951496E-03,-5.640743300E-03
+1.285000E-06,-20.690951496E-03,-25.741245598E-03
+1.287500E-06,-60.891956091E-03,-45.841747895E-03
+1.290000E-06,-60.891956091E-03,-25.741245598E-03
+1.292500E-06,-20.690951496E-03,-5.640743300E-03
+1.295000E-06,-20.690951496E-03,-5.640743300E-03
+1.297500E-06,-60.891956091E-03,-25.741245598E-03
+1.300000E-06,-62.148237485E-03,-25.741245598E-03
+1.302500E-06,-31.997484039E-03,-25.741245598E-03
+1.305000E-06,-20.690951496E-03,-25.741245598E-03
+1.307500E-06,-60.891956091E-03,-34.535215353E-03
+1.310000E-06,-80.992458388E-03,-45.841747895E-03
+1.312500E-06,-52.097986336E-03,-25.741245598E-03
+1.315000E-06,-20.690951496E-03,-5.640743300E-03
+1.317500E-06,-50.841704942E-03,-34.535215353E-03
+1.320000E-06,-62.148237485E-03,-45.841747895E-03
+1.322500E-06,-52.097986336E-03,-25.741245598E-03
+1.325000E-06,-20.690951496E-03,-25.741245598E-03
+1.327500E-06,-30.741202645E-03,-34.535215353E-03
+1.330000E-06,-60.891956091E-03,-45.841747895E-03
+1.332500E-06,-40.791453794E-03,-35.791496746E-03
+1.335000E-06,-20.690951496E-03,-5.640743300E-03
+1.337500E-06,-30.741202645E-03,-25.741245598E-03
+1.340000E-06,-60.891956091E-03,-45.841747895E-03
+1.342500E-06,-60.891956091E-03,-45.841747895E-03
+1.345000E-06,-21.947232890E-03,-25.741245598E-03
+1.347500E-06,-30.741202645E-03,-25.741245598E-03
+1.350000E-06,-60.891956091E-03,-44.585466501E-03
+1.352500E-06,-72.198488633E-03,-45.841747895E-03
+1.355000E-06,-42.047735187E-03,-25.741245598E-03
+1.357500E-06,-20.690951496E-03,-5.640743300E-03
+1.360000E-06,-60.891956091E-03,-25.741245598E-03
+1.362500E-06,-80.992458388E-03,-25.741245598E-03
+1.365000E-06,-42.047735187E-03,-25.741245598E-03
+1.367500E-06,-20.690951496E-03,-25.741245598E-03
+1.370000E-06,-40.791453794E-03,-25.741245598E-03
+1.372500E-06,-60.891956091E-03,-45.841747895E-03
+1.375000E-06,-60.891956091E-03,-25.741245598E-03
+1.377500E-06,-20.690951496E-03,-5.640743300E-03
+1.380000E-06,-40.791453794E-03,-24.484964204E-03
+1.382500E-06,-70.942207240E-03,-45.841747895E-03
+1.385000E-06,-62.148237485E-03,-25.741245598E-03
+1.387500E-06,-31.997484039E-03,-5.640743300E-03
+1.390000E-06,-20.690951496E-03,-5.640743300E-03
+1.392500E-06,-60.891956091E-03,-25.741245598E-03
+1.395000E-06,-62.148237485E-03,-25.741245598E-03
+1.397500E-06,-31.997484039E-03,-15.690994449E-03
+1.400000E-06,-20.690951496E-03,-5.640743300E-03
+1.402500E-06,-40.791453794E-03,-14.434713055E-03
+1.405000E-06,-60.891956091E-03,-45.841747895E-03
+1.407500E-06,-52.097986336E-03,-35.791496746E-03
+1.410000E-06,-20.690951496E-03,-25.741245598E-03
+1.412500E-06,-30.741202645E-03,-34.535215353E-03
+1.415000E-06,-80.992458388E-03,-45.841747895E-03
+1.417500E-06,-60.891956091E-03,-35.791496746E-03
+1.420000E-06,-21.947232890E-03,-5.640743300E-03
+1.422500E-06,-50.841704942E-03,-14.434713055E-03
+1.425000E-06,-80.992458388E-03,-25.741245598E-03
+1.427500E-06,-72.198488633E-03,-25.741245598E-03
+1.430000E-06,-40.791453794E-03,-5.640743300E-03
+1.432500E-06,-40.791453794E-03,-25.741245598E-03
+1.435000E-06,-60.891956091E-03,-25.741245598E-03
+1.437500E-06,-80.992458388E-03,-35.791496746E-03
+1.440000E-06,-42.047735187E-03,-25.741245598E-03
+1.442500E-06,-40.791453794E-03,-5.640743300E-03
+1.445000E-06,-60.891956091E-03,-25.741245598E-03
+1.447500E-06,-80.992458388E-03,-45.841747895E-03
+1.450000E-06,-60.891956091E-03,-25.741245598E-03
+1.452500E-06,-40.791453794E-03,-5.640743300E-03
+1.455000E-06,-60.891956091E-03,-25.741245598E-03
+1.457500E-06,-70.942207240E-03,-25.741245598E-03
+1.460000E-06,-42.047735187E-03,-25.741245598E-03
+1.462500E-06,-20.690951496E-03,-5.640743300E-03
+1.465000E-06,-40.791453794E-03,-5.640743300E-03
+1.467500E-06,-60.891956091E-03,-45.841747895E-03
+1.470000E-06,-62.148237485E-03,-45.841747895E-03
+1.472500E-06,-40.791453794E-03,-25.741245598E-03
+1.475000E-06,-40.791453794E-03,-5.640743300E-03
+1.477500E-06,-60.891956091E-03,-25.741245598E-03
+1.480000E-06,-62.148237485E-03,-25.741245598E-03
+1.482500E-06,-31.997484039E-03,-15.690994449E-03
+1.485000E-06,-20.690951496E-03,-5.640743300E-03
+1.487500E-06,-70.942207240E-03,-25.741245598E-03
+1.490000E-06,-80.992458388E-03,-25.741245598E-03
+1.492500E-06,-52.097986336E-03,-15.690994449E-03
+1.495000E-06,-21.947232890E-03,-5.640743300E-03
+1.497500E-06,-50.841704942E-03,-25.741245598E-03
+1.500000E-06,-60.891956091E-03,-45.841747895E-03
+1.502500E-06,-60.891956091E-03,-35.791496746E-03
+1.505000E-06,-40.791453794E-03,-25.741245598E-03
+1.507500E-06,-30.741202645E-03,-25.741245598E-03
+1.510000E-06,-60.891956091E-03,-25.741245598E-03
+1.512500E-06,-72.198488633E-03,-25.741245598E-03
+1.515000E-06,-40.791453794E-03,-5.640743300E-03
+1.517500E-06,-30.741202645E-03,-25.741245598E-03
+1.520000E-06,-60.891956091E-03,-25.741245598E-03
+1.522500E-06,-60.891956091E-03,-45.841747895E-03
+1.525000E-06,-40.791453794E-03,-25.741245598E-03
+1.527500E-06,-30.741202645E-03,-25.741245598E-03
+1.530000E-06,-60.891956091E-03,-25.741245598E-03
+1.532500E-06,-60.891956091E-03,-45.841747895E-03
+1.535000E-06,-42.047735187E-03,-45.841747895E-03
+1.537500E-06,-20.690951496E-03,-25.741245598E-03
+1.540000E-06,-40.791453794E-03,-25.741245598E-03
+1.542500E-06,-80.992458388E-03,-45.841747895E-03
+1.545000E-06,-62.148237485E-03,-45.841747895E-03
+1.547500E-06,-40.791453794E-03,-25.741245598E-03
+1.550000E-06,-60.891956091E-03,-25.741245598E-03
+1.552500E-06,-80.992458388E-03,-45.841747895E-03
+1.555000E-06,-62.148237485E-03,-25.741245598E-03
+1.557500E-06,-40.791453794E-03,-15.690994449E-03
+1.560000E-06,-40.791453794E-03,-24.484964204E-03
+1.562500E-06,-70.942207240E-03,-25.741245598E-03
+1.565000E-06,-62.148237485E-03,-45.841747895E-03
+1.567500E-06,-40.791453794E-03,-25.741245598E-03
+1.570000E-06,-40.791453794E-03,-25.741245598E-03
+1.572500E-06,-60.891956091E-03,-25.741245598E-03
+1.575000E-06,-80.992458388E-03,-25.741245598E-03
+1.577500E-06,-52.097986336E-03,-25.741245598E-03
+1.580000E-06,-21.947232890E-03,-24.484964204E-03
+1.582500E-06,-50.841704942E-03,-25.741245598E-03
+1.585000E-06,-80.992458388E-03,-25.741245598E-03
+1.587500E-06,-52.097986336E-03,-25.741245598E-03
+1.590000E-06,-21.947232890E-03,-5.640743300E-03
+1.592500E-06,-50.841704942E-03,-25.741245598E-03
+1.595000E-06,-80.992458388E-03,-25.741245598E-03
+1.597500E-06,-72.198488633E-03,-25.741245598E-03
+1.600000E-06,-40.791453794E-03,-25.741245598E-03
+1.602500E-06,-40.791453794E-03,-25.741245598E-03
+1.605000E-06,-60.891956091E-03,-45.841747895E-03
+1.607500E-06,-72.198488633E-03,-35.791496746E-03
+1.610000E-06,-40.791453794E-03,-5.640743300E-03
+1.612500E-06,-20.690951496E-03,-14.434713055E-03
+1.615000E-06,-60.891956091E-03,-25.741245598E-03
+1.617500E-06,-60.891956091E-03,-25.741245598E-03
+1.620000E-06,-42.047735187E-03,-5.640743300E-03
+1.622500E-06,-20.690951496E-03,-14.434713055E-03
+1.625000E-06,-40.791453794E-03,-44.585466501E-03
+1.627500E-06,-80.992458388E-03,-45.841747895E-03
+1.630000E-06,-60.891956091E-03,-25.741245598E-03
+1.632500E-06,-20.690951496E-03,-5.640743300E-03
+1.635000E-06,-40.791453794E-03,-25.741245598E-03
+1.637500E-06,-80.992458388E-03,-45.841747895E-03
+1.640000E-06,-62.148237485E-03,-25.741245598E-03
+1.642500E-06,-40.791453794E-03,-5.640743300E-03
+1.645000E-06,-40.791453794E-03,-25.741245598E-03
+1.647500E-06,-70.942207240E-03,-45.841747895E-03
+1.650000E-06,-80.992458388E-03,-25.741245598E-03
+1.652500E-06,-40.791453794E-03,-5.640743300E-03
+1.655000E-06,-40.791453794E-03,-5.640743300E-03
+1.657500E-06,-70.942207240E-03,-25.741245598E-03
+1.660000E-06,-80.992458388E-03,-44.585466501E-03
+1.662500E-06,-31.997484039E-03,-25.741245598E-03
+1.665000E-06,-20.690951496E-03,-5.640743300E-03
+1.667500E-06,-50.841704942E-03,-25.741245598E-03
+1.670000E-06,-80.992458388E-03,-44.585466501E-03
+1.672500E-06,-52.097986336E-03,-25.741245598E-03
+1.675000E-06,-1.846730593E-03,-5.640743300E-03
+1.677500E-06,-30.741202645E-03,-25.741245598E-03
+1.680000E-06,-60.891956091E-03,-44.585466501E-03
+1.682500E-06,-52.097986336E-03,-25.741245598E-03
+1.685000E-06,-20.690951496E-03,-25.741245598E-03
+1.687500E-06,-20.690951496E-03,-25.741245598E-03
+1.690000E-06,-60.891956091E-03,-45.841747895E-03
+1.692500E-06,-60.891956091E-03,-35.791496746E-03
+1.695000E-06,-21.947232890E-03,-5.640743300E-03
+1.697500E-06,-20.690951496E-03,-14.434713055E-03
+1.700000E-06,-60.891956091E-03,-44.585466501E-03
+1.702500E-06,-60.891956091E-03,-45.841747895E-03
+1.705000E-06,-42.047735187E-03,-25.741245598E-03
+1.707500E-06,-20.690951496E-03,-14.434713055E-03
+1.710000E-06,-40.791453794E-03,-44.585466501E-03
+1.712500E-06,-72.198488633E-03,-45.841747895E-03
+1.715000E-06,-42.047735187E-03,-25.741245598E-03
+1.717500E-06,-10.640700348E-03,-5.640743300E-03
+1.720000E-06,-40.791453794E-03,-25.741245598E-03
+1.722500E-06,-60.891956091E-03,-34.535215353E-03
+1.725000E-06,-60.891956091E-03,-25.741245598E-03
+1.727500E-06,-31.997484039E-03,-15.690994449E-03
+1.730000E-06,-40.791453794E-03,-24.484964204E-03
+1.732500E-06,-60.891956091E-03,-45.841747895E-03
+1.735000E-06,-60.891956091E-03,-45.841747895E-03
+1.737500E-06,-31.997484039E-03,-15.690994449E-03
+1.740000E-06,-20.690951496E-03,-5.640743300E-03
+1.742500E-06,-60.891956091E-03,-25.741245598E-03
+1.745000E-06,-62.148237485E-03,-25.741245598E-03
+1.747500E-06,-40.791453794E-03,-15.690994449E-03
+1.750000E-06,-20.690951496E-03,-5.640743300E-03
+1.752500E-06,-60.891956091E-03,-25.741245598E-03
+1.755000E-06,-80.992458388E-03,-25.741245598E-03
+1.757500E-06,-52.097986336E-03,-25.741245598E-03
+1.760000E-06,-20.690951496E-03,-5.640743300E-03
+1.762500E-06,-50.841704942E-03,-14.434713055E-03
+1.765000E-06,-80.992458388E-03,-44.585466501E-03
+1.767500E-06,-60.891956091E-03,-25.741245598E-03
+1.770000E-06,-21.947232890E-03,-5.640743300E-03
+1.772500E-06,-30.741202645E-03,-14.434713055E-03
+1.775000E-06,-80.992458388E-03,-44.585466501E-03
+1.777500E-06,-72.198488633E-03,-35.791496746E-03
+1.780000E-06,-21.947232890E-03,-25.741245598E-03
+1.782500E-06,-30.741202645E-03,-25.741245598E-03
+1.785000E-06,-60.891956091E-03,-25.741245598E-03
+1.787500E-06,-80.992458388E-03,-35.791496746E-03
+1.790000E-06,-42.047735187E-03,-5.640743300E-03
+1.792500E-06,-40.791453794E-03,-5.640743300E-03
+1.795000E-06,-60.891956091E-03,-24.484964204E-03
+1.797500E-06,-80.992458388E-03,-25.741245598E-03
+1.800000E-06,-60.891956091E-03,-25.741245598E-03
+1.802500E-06,-40.791453794E-03,-5.640743300E-03
+1.805000E-06,-60.891956091E-03,-25.741245598E-03
+1.807500E-06,-101.092960685E-03,-45.841747895E-03
+1.810000E-06,-80.992458388E-03,-25.741245598E-03
+1.812500E-06,-40.791453794E-03,-25.741245598E-03
+1.815000E-06,-60.891956091E-03,-25.741245598E-03
+1.817500E-06,-80.992458388E-03,-45.841747895E-03
+1.820000E-06,-62.148237485E-03,-45.841747895E-03
+1.822500E-06,-31.997484039E-03,-25.741245598E-03
+1.825000E-06,-20.690951496E-03,-25.741245598E-03
+1.827500E-06,-60.891956091E-03,-45.841747895E-03
+1.830000E-06,-80.992458388E-03,-45.841747895E-03
+1.832500E-06,-52.097986336E-03,-25.741245598E-03
+1.835000E-06,-20.690951496E-03,-25.741245598E-03
+1.837500E-06,-50.841704942E-03,-45.841747895E-03
+1.840000E-06,-80.992458388E-03,-45.841747895E-03
+1.842500E-06,-52.097986336E-03,-25.741245598E-03
+1.845000E-06,-20.690951496E-03,-25.741245598E-03
+1.847500E-06,-50.841704942E-03,-25.741245598E-03
+1.850000E-06,-80.992458388E-03,-25.741245598E-03
+1.852500E-06,-52.097986336E-03,-25.741245598E-03
+1.855000E-06,-20.690951496E-03,-25.741245598E-03
+1.857500E-06,-30.741202645E-03,-25.741245598E-03
+1.860000E-06,-60.891956091E-03,-45.841747895E-03
+1.862500E-06,-52.097986336E-03,-45.841747895E-03
+1.865000E-06,-21.947232890E-03,-25.741245598E-03
+1.867500E-06,-30.741202645E-03,-14.434713055E-03
+1.870000E-06,-60.891956091E-03,-45.841747895E-03
+1.872500E-06,-72.198488633E-03,-45.841747895E-03
+1.875000E-06,-42.047735187E-03,-25.741245598E-03
+1.877500E-06,-20.690951496E-03,-25.741245598E-03
+1.880000E-06,-60.891956091E-03,-25.741245598E-03
+1.882500E-06,-80.992458388E-03,-25.741245598E-03
+1.885000E-06,-42.047735187E-03,-25.741245598E-03
+1.887500E-06,-20.690951496E-03,-15.690994449E-03
+1.890000E-06,-40.791453794E-03,-24.484964204E-03
+1.892500E-06,-60.891956091E-03,-45.841747895E-03
+1.895000E-06,-60.891956091E-03,-45.841747895E-03
+1.897500E-06,-31.997484039E-03,-15.690994449E-03
+1.900000E-06,-40.791453794E-03,-25.741245598E-03
+1.902500E-06,-80.992458388E-03,-45.841747895E-03
+1.905000E-06,-62.148237485E-03,-25.741245598E-03
+1.907500E-06,-31.997484039E-03,-25.741245598E-03
+1.910000E-06,-40.791453794E-03,-25.741245598E-03
+1.912500E-06,-60.891956091E-03,-45.841747895E-03
+1.915000E-06,-60.891956091E-03,-45.841747895E-03
+1.917500E-06,-31.997484039E-03,-25.741245598E-03
+1.920000E-06,-20.690951496E-03,-25.741245598E-03
+1.922500E-06,-50.841704942E-03,-34.535215353E-03
+1.925000E-06,-60.891956091E-03,-45.841747895E-03
+1.927500E-06,-52.097986336E-03,-35.791496746E-03
+1.930000E-06,-20.690951496E-03,-5.640743300E-03
+1.932500E-06,-50.841704942E-03,-25.741245598E-03
+1.935000E-06,-80.992458388E-03,-45.841747895E-03
+1.937500E-06,-52.097986336E-03,-35.791496746E-03
+1.940000E-06,-21.947232890E-03,-25.741245598E-03
+1.942500E-06,-50.841704942E-03,-25.741245598E-03
+1.945000E-06,-80.992458388E-03,-25.741245598E-03
+1.947500E-06,-52.097986336E-03,-25.741245598E-03
+1.950000E-06,-20.690951496E-03,-5.640743300E-03
+1.952500E-06,-20.690951496E-03,-14.434713055E-03
+1.955000E-06,-60.891956091E-03,-25.741245598E-03
+1.957500E-06,-72.198488633E-03,-45.841747895E-03
+1.960000E-06,-42.047735187E-03,-25.741245598E-03
+1.962500E-06,-30.741202645E-03,-14.434713055E-03
+1.965000E-06,-60.891956091E-03,-44.585466501E-03
+1.967500E-06,-80.992458388E-03,-45.841747895E-03
+1.970000E-06,-42.047735187E-03,-25.741245598E-03
+1.972500E-06,-590.449199E-06,-25.741245598E-03
+1.975000E-06,-590.449199E-06,-44.585466501E-03
+1.977500E-06,+18.253771705E-03,-45.841747895E-03
+1.980000E-06,+98.655780894E-03,-25.741245598E-03
+1.982500E-06,+199.158292380E-03,-5.640743300E-03
+1.985000E-06,+279.560301569E-03,-24.484964204E-03
+1.987500E-06,+329.811557312E-03,-34.535215353E-03
+1.990000E-06,+420.263817650E-03,-25.741245598E-03
+1.992500E-06,+520.766329137E-03,-15.690994449E-03
+1.995000E-06,+581.067836029E-03,-5.640743300E-03
+1.997500E-06,+582.324117422E-03,-45.841747895E-03
+2.000000E-06,+601.168338326E-03,-25.741245598E-03
+2.002500E-06,+631.319091772E-03,-15.690994449E-03
+2.005000E-06,+642.625624314E-03,-25.741245598E-03
+2.007500E-06,+612.474870868E-03,-25.741245598E-03
+2.010000E-06,+602.424619719E-03,-25.741245598E-03
+2.012500E-06,+642.625624314E-03,-15.690994449E-03
+2.015000E-06,+662.726126611E-03,-5.640743300E-03
+2.017500E-06,+632.575373165E-03,-25.741245598E-03
+2.020000E-06,+602.424619719E-03,-45.841747895E-03
+2.022500E-06,+602.424619719E-03,-25.741245598E-03
+2.025000E-06,+602.424619719E-03,-5.640743300E-03
+2.027500E-06,+542.123112828E-03,-25.741245598E-03
+2.030000E-06,+441.620601341E-03,-45.841747895E-03
+2.032500E-06,+371.268843301E-03,-25.741245598E-03
+2.035000E-06,+321.017587557E-03,-5.640743300E-03
+2.037500E-06,+230.565327220E-03,-25.741245598E-03
+2.040000E-06,+99.912062287E-03,-44.585466501E-03
+2.042500E-06,+49.660806544E-03,-25.741245598E-03
+2.045000E-06,+39.610555395E-03,-25.741245598E-03
+2.047500E-06,+9.459801950E-03,-25.741245598E-03
+2.050000E-06,-40.791453794E-03,-25.741245598E-03
+2.052500E-06,-60.891956091E-03,-15.690994449E-03
+2.055000E-06,-21.947232890E-03,+54.660763592E-03
+2.057500E-06,-590.449199E-06,+114.962270483E-03
+2.060000E-06,-40.791453794E-03,+195.364279673E-03
+2.062500E-06,-60.891956091E-03,+305.917042308E-03
+2.065000E-06,-42.047735187E-03,+476.771311834E-03
+2.067500E-06,-20.690951496E-03,+627.525079064E-03
+2.070000E-06,-40.791453794E-03,+778.278846294E-03
+2.072500E-06,-70.942207240E-03,+929.032613523E-03
+2.075000E-06,-60.891956091E-03,+1.059685878456E+00
+2.077500E-06,-20.690951496E-03,+1.170238641091E+00
+2.080000E-06,-20.690951496E-03,+1.220489896834E+00
+2.082500E-06,-50.841704942E-03,+1.240590399131E+00
+2.085000E-06,-60.891956091E-03,+1.260690901428E+00
+2.087500E-06,-31.997484039E-03,+1.280791403726E+00
+2.090000E-06,-20.690951496E-03,+1.300891906023E+00
+2.092500E-06,-50.841704942E-03,+1.280791403726E+00
+2.095000E-06,-60.891956091E-03,+1.300891906023E+00
+2.097500E-06,-31.997484039E-03,+1.320992408320E+00
+2.100000E-06,-20.690951496E-03,+1.320992408320E+00
+2.102500E-06,-50.841704942E-03,+1.271997433971E+00
+2.105000E-06,-80.992458388E-03,+1.240590399131E+00
+2.107500E-06,-40.791453794E-03,+1.181545173633E+00
+2.110000E-06,-20.690951496E-03,+1.101143164444E+00
+2.112500E-06,-30.741202645E-03,+970.489899511E-03
+2.115000E-06,-60.891956091E-03,+799.635629985E-03
+2.117500E-06,-52.097986336E-03,+648.881862755E-03
+2.120000E-06,-21.947232890E-03,+498.128095525E-03
+2.122500E-06,-30.741202645E-03,+347.374328296E-03
+2.125000E-06,-60.891956091E-03,+196.620561066E-03
+2.127500E-06,-60.891956091E-03,+126.268803026E-03
+2.130000E-06,-21.947232890E-03,+94.861768186E-03
+2.132500E-06,-10.640700348E-03,+45.866793836E-03
+2.135000E-06,-20.690951496E-03,+15.716040391E-03
+2.137500E-06,+8.203520556E-03,+14.459758997E-03
+2.140000E-06,+78.555278596E-03,+34.560261294E-03
+2.142500E-06,+148.907036637E-03,+34.560261294E-03
+2.145000E-06,+179.057790083E-03,+15.716040391E-03
+2.147500E-06,+239.359296975E-03,-5.640743300E-03
+2.150000E-06,+339.861808461E-03,+14.459758997E-03
+2.152500E-06,+420.263817650E-03,+14.459758997E-03
+2.155000E-06,+460.464822245E-03,+14.459758997E-03
+2.157500E-06,+470.515073393E-03,-5.640743300E-03
+2.160000E-06,+520.766329137E-03,-5.640743300E-03
+2.162500E-06,+562.223615125E-03,+14.459758997E-03
+2.165000E-06,+562.223615125E-03,+14.459758997E-03
+2.167500E-06,+532.072861679E-03,-5.640743300E-03
+2.170000E-06,+540.866831434E-03,-5.640743300E-03
+2.172500E-06,+582.324117422E-03,+14.459758997E-03
+2.175000E-06,+582.324117422E-03,+14.459758997E-03
+2.177500E-06,+552.173363976E-03,-5.640743300E-03
+2.180000E-06,+542.123112828E-03,-5.640743300E-03
+2.182500E-06,+562.223615125E-03,+14.459758997E-03
+2.185000E-06,+562.223615125E-03,+14.459758997E-03
+2.187500E-06,+491.871857084E-03,-14.434713055E-03
+2.190000E-06,+441.620601341E-03,-25.741245598E-03
+2.192500E-06,+401.419596747E-03,-5.640743300E-03
+2.195000E-06,+381.319094449E-03,+14.459758997E-03
+2.197500E-06,+280.816582963E-03,-14.434713055E-03
+2.200000E-06,+180.314071476E-03,-25.741245598E-03
+2.202500E-06,+140.113066882E-03,-5.640743300E-03
+2.205000E-06,+120.012564585E-03,+14.459758997E-03
+2.207500E-06,+49.660806544E-03,-5.640743300E-03
+2.210000E-06,-20.690951496E-03,-5.640743300E-03
+2.212500E-06,-20.690951496E-03,-5.640743300E-03
+2.215000E-06,-590.449199E-06,+14.459758997E-03
+2.217500E-06,+9.459801950E-03,+5.665789242E-03
+2.220000E-06,-20.690951496E-03,-5.640743300E-03
+2.222500E-06,-31.997484039E-03,-5.640743300E-03
+2.225000E-06,-1.846730593E-03,+14.459758997E-03
+2.227500E-06,-590.449199E-06,+34.560261294E-03
+2.230000E-06,-20.690951496E-03,+14.459758997E-03
+2.232500E-06,-40.791453794E-03,+14.459758997E-03
+2.235000E-06,-20.690951496E-03,+14.459758997E-03
+2.237500E-06,-590.449199E-06,+14.459758997E-03
+2.240000E-06,-40.791453794E-03,-5.640743300E-03
+2.242500E-06,-60.891956091E-03,-25.741245598E-03
+2.245000E-06,-21.947232890E-03,-25.741245598E-03
+2.247500E-06,-20.690951496E-03,-25.741245598E-03
+2.250000E-06,-20.690951496E-03,-25.741245598E-03
+2.252500E-06,-40.791453794E-03,-54.635717650E-03
+2.255000E-06,-40.791453794E-03,-45.841747895E-03
+2.257500E-06,-11.896981741E-03,-25.741245598E-03
+2.260000E-06,-20.690951496E-03,-44.585466501E-03
+2.262500E-06,-50.841704942E-03,-65.942250192E-03
+2.265000E-06,-60.891956091E-03,-65.942250192E-03
+2.267500E-06,-31.997484039E-03,-65.942250192E-03
+2.270000E-06,-20.690951496E-03,-64.685968799E-03
+2.272500E-06,-60.891956091E-03,-86.042752489E-03
+2.275000E-06,-80.992458388E-03,-86.042752489E-03
+2.277500E-06,-31.997484039E-03,-86.042752489E-03
+2.280000E-06,-20.690951496E-03,-86.042752489E-03
+2.282500E-06,-40.791453794E-03,-86.042752489E-03
+2.285000E-06,-60.891956091E-03,-106.143254787E-03
+2.287500E-06,-40.791453794E-03,-86.042752489E-03
+2.290000E-06,-20.690951496E-03,-45.841747895E-03
+2.292500E-06,-30.741202645E-03,-54.635717650E-03
+2.295000E-06,-60.891956091E-03,-65.942250192E-03
+2.297500E-06,-40.791453794E-03,-55.891999044E-03
+2.300000E-06,-1.846730593E-03,-45.841747895E-03
+2.302500E-06,-10.640700348E-03,-34.535215353E-03
+2.305000E-06,-40.791453794E-03,-45.841747895E-03
+2.307500E-06,-31.997484039E-03,-45.841747895E-03
+2.310000E-06,-1.846730593E-03,-25.741245598E-03
+2.312500E-06,-590.449199E-06,-25.741245598E-03
+2.315000E-06,-40.791453794E-03,-45.841747895E-03
+2.317500E-06,-60.891956091E-03,-55.891999044E-03
+2.320000E-06,-40.791453794E-03,-25.741245598E-03
+2.322500E-06,-20.690951496E-03,-25.741245598E-03
+2.325000E-06,-40.791453794E-03,-44.585466501E-03
+2.327500E-06,-80.992458388E-03,-45.841747895E-03
+2.330000E-06,-60.891956091E-03,-25.741245598E-03
+2.332500E-06,-20.690951496E-03,-25.741245598E-03
+2.335000E-06,-60.891956091E-03,-25.741245598E-03
+2.337500E-06,-80.992458388E-03,-45.841747895E-03
+2.340000E-06,-62.148237485E-03,-45.841747895E-03
+2.342500E-06,-40.791453794E-03,-25.741245598E-03
+2.345000E-06,-40.791453794E-03,-25.741245598E-03
+2.347500E-06,-70.942207240E-03,-45.841747895E-03
+2.350000E-06,-80.992458388E-03,-45.841747895E-03
+2.352500E-06,-60.891956091E-03,-25.741245598E-03
+2.355000E-06,-60.891956091E-03,-25.741245598E-03
+2.357500E-06,-91.042709537E-03,-45.841747895E-03
+2.360000E-06,-101.092960685E-03,-45.841747895E-03
+2.362500E-06,-72.198488633E-03,-25.741245598E-03
+2.365000E-06,-40.791453794E-03,-25.741245598E-03
+2.367500E-06,-70.942207240E-03,-25.741245598E-03
+2.370000E-06,-101.092960685E-03,-45.841747895E-03
+2.372500E-06,-72.198488633E-03,-25.741245598E-03
+2.375000E-06,-40.791453794E-03,-5.640743300E-03
+2.377500E-06,-50.841704942E-03,-14.434713055E-03
+2.380000E-06,-80.992458388E-03,-25.741245598E-03
+2.382500E-06,-72.198488633E-03,-25.741245598E-03
+2.385000E-06,-40.791453794E-03,-5.640743300E-03
+2.387500E-06,-40.791453794E-03,-14.434713055E-03
+2.390000E-06,-60.891956091E-03,-44.585466501E-03
+2.392500E-06,-60.891956091E-03,-45.841747895E-03
+2.395000E-06,-40.791453794E-03,-25.741245598E-03
+2.397500E-06,-30.741202645E-03,-25.741245598E-03
+2.400000E-06,-60.891956091E-03,-25.741245598E-03
+2.402500E-06,-72.198488633E-03,-25.741245598E-03
+2.405000E-06,-40.791453794E-03,-25.741245598E-03
+2.407500E-06,-20.690951496E-03,-5.640743300E-03
+2.410000E-06,-60.891956091E-03,-25.741245598E-03
+2.412500E-06,-70.942207240E-03,-45.841747895E-03
+2.415000E-06,-60.891956091E-03,-25.741245598E-03
+2.417500E-06,-40.791453794E-03,-5.640743300E-03
+2.420000E-06,-40.791453794E-03,-25.741245598E-03
+2.422500E-06,-80.992458388E-03,-45.841747895E-03
+2.425000E-06,-62.148237485E-03,-25.741245598E-03
+2.427500E-06,-31.997484039E-03,-5.640743300E-03
+2.430000E-06,-40.791453794E-03,-25.741245598E-03
+2.432500E-06,-70.942207240E-03,-34.535215353E-03
+2.435000E-06,-62.148237485E-03,-25.741245598E-03
+2.437500E-06,-31.997484039E-03,-15.690994449E-03
+2.440000E-06,-40.791453794E-03,-5.640743300E-03
+2.442500E-06,-60.891956091E-03,-25.741245598E-03
+2.445000E-06,-60.891956091E-03,-25.741245598E-03
+2.447500E-06,-40.791453794E-03,-15.690994449E-03
+2.450000E-06,-20.690951496E-03,-5.640743300E-03
+2.452500E-06,-60.891956091E-03,-34.535215353E-03
+2.455000E-06,-80.992458388E-03,-45.841747895E-03
+2.457500E-06,-52.097986336E-03,-25.741245598E-03
+2.460000E-06,-21.947232890E-03,-25.741245598E-03
+2.462500E-06,-50.841704942E-03,-25.741245598E-03
+2.465000E-06,-80.992458388E-03,-25.741245598E-03
+2.467500E-06,-52.097986336E-03,-25.741245598E-03
+2.470000E-06,-40.791453794E-03,-5.640743300E-03
+2.472500E-06,-40.791453794E-03,-14.434713055E-03
+2.475000E-06,-80.992458388E-03,-44.585466501E-03
+2.477500E-06,-60.891956091E-03,-45.841747895E-03
+2.480000E-06,-21.947232890E-03,-25.741245598E-03
+2.482500E-06,-30.741202645E-03,-5.640743300E-03
+2.485000E-06,-60.891956091E-03,-44.585466501E-03
+2.487500E-06,-80.992458388E-03,-45.841747895E-03
+2.490000E-06,-42.047735187E-03,-25.741245598E-03
+2.492500E-06,-20.690951496E-03,-25.741245598E-03
+2.495000E-06,-60.891956091E-03,-25.741245598E-03
+2.497500E-06,-80.992458388E-03,-25.741245598E-03
